total_orders,returned_orders,return_rate,cancelled_orders,avg_order_value,seller_total_sales,seller_returns,seller_return_rate,avg_rating,negative_review_percent,reviews_same_seller,repeated_review_similarity,fraud_label,fraud_type
107,51,0.477,28,77320,1658,121,0.073,1.62,5.81,24,0.334,0,NONE
108,23,0.213,2,67721,1352,769,0.569,3.89,93.86,2,0.182,0,NONE
25,0,0.0,3,29193,272,88,0.324,2.16,61.19,42,0.047,0,NONE
64,15,0.234,14,66225,977,562,0.575,2.53,98.32,3,0.86,1,REPEATED_REVIEW
11,4,0.364,0,11127,620,315,0.508,3.25,38.54,26,0.098,0,NONE
88,59,0.67,6,49055,528,263,0.498,1.14,90.93,36,0.182,1,SELLER_SUSPICIOUS
8,1,0.125,1,77689,585,105,0.179,3.27,3.13,18,0.775,0,NONE
38,9,0.237,3,33106,835,270,0.323,1.35,19.6,40,0.845,0,NONE
113,81,0.717,23,12685,236,123,0.521,2.1,29.63,45,0.075,0,NONE
75,8,0.107,0,68063,667,62,0.093,4.26,70.69,35,0.79,0,NONE
9,1,0.111,0,65005,60,27,0.45,4.45,62.33,34,0.095,0,NONE
27,4,0.148,2,63835,745,461,0.619,4.4,72.17,14,0.494,0,NONE
13,9,0.692,1,23919,1504,863,0.574,3.55,31.44,32,0.696,1,SELLER_SUSPICIOUS
105,22,0.21,6,56544,1698,540,0.318,1.92,7.7,22,0.88,0,NONE
46,5,0.109,11,69663,1383,797,0.576,4.53,32.43,28,0.356,0,NONE
66,32,0.485,0,67342,652,115,0.176,2.41,30.48,6,0.511,0,NONE
13,4,0.308,0,14045,703,151,0.215,4.77,32.32,32,0.558,0,NONE
56,11,0.196,13,65818,1429,386,0.27,2.2,28.48,17,0.267,0,NONE
6,1,0.167,0,1354,1779,384,0.216,1.96,14.49,44,0.448,0,NONE
74,31,0.419,3,53162,222,122,0.55,1.97,80.31,5,0.632,1,SELLER_SUSPICIOUS
74,21,0.284,10,23171,628,200,0.318,2.28,18.65,29,0.858,0,NONE
63,35,0.556,2,11911,883,488,0.553,3.76,38.67,18,0.838,1,SELLER_SUSPICIOUS
15,11,0.733,0,39884,1989,150,0.075,3.17,69.58,7,0.66,1,RETURN_ABUSE
94,59,0.628,16,2549,916,303,0.331,4.86,55.83,32,0.633,1,SELLER_SUSPICIOUS
13,8,0.615,2,43142,835,207,0.248,4.59,88.71,33,0.642,1,RETURN_ABUSE
79,48,0.608,7,6039,1465,103,0.07,3.43,0.92,25,0.664,0,NONE
97,17,0.175,13,78005,841,162,0.193,3.61,22.43,33,0.018,0,NONE
18,4,0.222,3,59371,1939,1158,0.597,3.88,30.81,48,0.094,0,NONE
119,85,0.714,21,7393,1713,37,0.022,4.92,48.67,8,0.631,1,RETURN_ABUSE
102,20,0.196,29,40290,979,480,0.49,1.78,72.25,19,0.572,0,NONE
68,48,0.706,16,56991,1263,157,0.124,4.82,91.49,35,0.748,1,RETURN_ABUSE
41,23,0.561,0,801,200,94,0.47,4.85,85.3,21,0.191,1,SELLER_SUSPICIOUS
37,2,0.054,1,35084,1778,565,0.318,3.78,57.01,24,0.209,0,NONE
51,21,0.412,6,36277,1682,154,0.092,2.18,32.26,40,0.697,0,NONE
47,28,0.596,9,19690,557,354,0.636,2.02,61.15,7,0.502,1,SELLER_SUSPICIOUS
49,19,0.388,0,78075,531,141,0.266,4.56,33.8,28,0.579,0,NONE
36,22,0.611,5,53421,594,189,0.318,2.15,59.08,22,0.25,0,NONE
46,5,0.109,5,15838,463,100,0.216,3.09,77.0,44,0.965,0,NONE
107,67,0.626,5,66912,1011,349,0.345,3.16,63.74,16,0.976,1,REPEATED_REVIEW
110,29,0.264,18,74347,850,57,0.067,1.31,2.54,23,0.428,0,NONE
16,4,0.25,0,67117,653,0,0.0,2.77,23.98,48,0.183,0,NONE
113,0,0.0,15,14000,723,446,0.617,2.74,73.0,3,0.248,0,NONE
20,2,0.1,4,73289,716,284,0.397,1.46,4.6,49,0.311,0,NONE
66,51,0.773,4,44419,237,84,0.354,2.89,17.32,30,0.65,1,SELLER_SUSPICIOUS
14,5,0.357,0,68885,1223,222,0.182,1.06,93.34,32,0.856,1,REPEATED_REVIEW
73,44,0.603,3,28163,811,335,0.413,3.57,2.65,32,0.94,1,REPEATED_REVIEW
28,11,0.393,1,12438,399,32,0.08,2.83,54.56,37,0.626,0,NONE
69,32,0.464,7,69949,1086,555,0.511,2.1,21.46,46,0.018,0,NONE
119,34,0.286,22,25851,624,409,0.655,3.73,34.06,41,0.496,0,NONE
62,44,0.71,10,912,1419,419,0.295,2.67,96.76,36,0.177,1,RETURN_ABUSE
77,23,0.299,2,18455,997,95,0.095,2.36,93.08,37,0.239,0,NONE
59,12,0.203,2,21852,1841,61,0.033,2.99,38.96,13,0.896,0,NONE
53,35,0.66,11,64432,1276,75,0.059,2.42,95.68,31,0.951,1,REPEATED_REVIEW
87,15,0.172,20,11630,1512,568,0.376,1.45,93.09,39,0.996,1,REPEATED_REVIEW
9,2,0.222,0,74960,254,74,0.291,1.47,14.3,10,0.837,0,NONE
21,12,0.571,5,2042,1217,652,0.536,1.89,39.67,27,0.706,1,SELLER_SUSPICIOUS
9,4,0.444,0,55193,358,135,0.377,2.5,37.06,17,0.947,1,REPEATED_REVIEW
93,44,0.473,3,36409,1295,414,0.32,2.93,37.8,39,0.424,0,NONE
94,18,0.191,6,15985,1494,172,0.115,1.05,46.87,20,0.119,0,NONE
65,40,0.615,6,52724,406,189,0.466,2.6,47.77,25,0.869,1,REPEATED_REVIEW
42,5,0.119,9,36895,704,159,0.226,3.22,32.27,16,0.528,0,NONE
79,59,0.747,4,30854,1575,46,0.029,3.52,69.57,31,0.996,1,REPEATED_REVIEW
58,2,0.034,15,41930,1996,970,0.486,2.12,95.04,8,0.395,0,NONE
28,20,0.714,7,9837,1391,675,0.485,2.85,35.34,28,0.078,0,NONE
45,35,0.778,10,48105,978,144,0.147,2.12,41.12,13,0.685,1,RETURN_ABUSE
33,12,0.364,2,45945,1637,882,0.539,3.9,61.34,2,0.083,0,NONE
34,17,0.5,4,1515,1844,373,0.202,4.24,98.73,49,0.377,1,RETURN_ABUSE
30,21,0.7,0,47040,1972,104,0.053,2.66,27.34,48,0.075,0,NONE
96,68,0.708,4,51112,1066,564,0.529,4.78,84.96,17,0.241,1,SELLER_SUSPICIOUS
77,45,0.584,0,45606,704,204,0.29,1.83,87.82,40,0.618,1,RETURN_ABUSE
96,71,0.74,6,14989,269,161,0.599,2.9,83.14,12,0.816,1,SELLER_SUSPICIOUS
112,4,0.036,29,24785,782,400,0.512,1.54,2.88,15,0.785,0,NONE
18,1,0.056,2,54182,122,37,0.303,3.47,98.05,34,0.637,0,NONE
83,50,0.602,1,53913,1524,983,0.645,4.64,29.8,42,0.862,1,REPEATED_REVIEW
9,4,0.444,1,55979,1444,329,0.228,4.08,6.62,5,0.98,1,REPEATED_REVIEW
57,1,0.018,12,37086,62,10,0.161,1.3,12.89,16,0.152,0,NONE
20,7,0.35,3,41740,1238,863,0.697,2.9,66.76,19,0.822,1,SELLER_SUSPICIOUS
86,41,0.477,21,79752,857,512,0.597,3.14,35.6,46,0.364,1,SELLER_SUSPICIOUS
82,44,0.537,8,23821,268,46,0.172,3.51,8.18,30,0.157,0,NONE
52,16,0.308,9,64791,1300,7,0.005,3.99,18.45,15,0.537,0,NONE
60,21,0.35,13,29199,97,1,0.01,3.99,3.67,7,0.687,0,NONE
27,13,0.481,2,39138,1551,805,0.519,3.13,24.25,25,0.737,1,SELLER_SUSPICIOUS
32,9,0.281,6,50948,1274,85,0.067,2.31,11.98,17,0.343,0,NONE
29,3,0.103,1,74294,252,108,0.429,2.92,58.42,22,0.587,0,NONE
12,7,0.583,0,23775,614,41,0.067,2.14,36.31,26,0.608,0,NONE
63,44,0.698,5,4312,1420,288,0.203,1.03,22.53,6,0.246,0,NONE
8,5,0.625,0,76625,1650,822,0.498,4.37,5.16,31,0.41,1,SELLER_SUSPICIOUS
40,23,0.575,5,41927,1775,74,0.042,4.46,81.71,49,0.491,1,RETURN_ABUSE
106,50,0.472,29,53941,866,391,0.452,2.91,83.86,5,0.187,1,SELLER_SUSPICIOUS
72,18,0.25,19,49876,551,112,0.203,3.12,70.72,14,0.289,0,NONE
41,29,0.707,10,32754,1911,844,0.442,3.13,5.18,10,0.549,1,SELLER_SUSPICIOUS
14,1,0.071,0,5787,1685,320,0.19,1.56,0.27,9,0.596,0,NONE
28,5,0.179,6,36758,1649,1118,0.678,4.72,83.06,44,0.409,1,SELLER_SUSPICIOUS
79,8,0.101,1,74198,1590,512,0.322,3.96,57.45,29,0.14,0,NONE
109,13,0.119,27,16024,24,2,0.083,3.66,52.31,4,0.316,0,NONE
46,24,0.522,1,43803,1883,615,0.327,2.51,46.27,38,0.54,1,SELLER_SUSPICIOUS
67,14,0.209,0,19596,164,96,0.585,2.57,53.19,40,0.229,0,NONE
43,5,0.116,5,25019,573,14,0.024,4.51,49.54,30,0.894,0,NONE
40,28,0.7,5,67156,1040,410,0.394,3.98,3.35,22,0.714,1,SELLER_SUSPICIOUS
9,2,0.222,1,44372,1161,805,0.693,3.15,37.88,45,0.127,0,NONE
60,14,0.233,7,65272,1200,46,0.038,2.64,77.19,27,0.641,0,NONE
119,35,0.294,25,71815,30,9,0.3,2.37,22.74,23,0.462,0,NONE
50,11,0.22,9,76416,1659,957,0.577,1.4,25.6,40,0.872,1,REPEATED_REVIEW
80,43,0.537,3,65144,907,126,0.139,1.61,57.63,9,0.424,0,NONE
33,13,0.394,7,69404,1769,778,0.44,2.8,11.32,21,0.166,0,NONE
40,21,0.525,6,19756,1044,566,0.542,1.91,60.79,47,0.055,0,NONE
13,9,0.692,0,13724,1846,574,0.311,2.66,86.35,38,0.346,1,SELLER_SUSPICIOUS
86,33,0.384,16,7283,958,178,0.186,1.99,57.76,6,0.034,0,NONE
37,16,0.432,10,5257,685,155,0.226,1.85,51.52,17,0.961,1,REPEATED_REVIEW
53,19,0.358,5,25417,495,62,0.125,4.99,50.22,1,0.31,0,NONE
98,50,0.51,26,34219,742,317,0.427,1.82,19.07,45,0.378,0,NONE
20,7,0.35,2,18949,788,370,0.47,2.81,52.44,28,0.481,0,NONE
98,37,0.378,18,65655,1940,1287,0.663,4.45,94.61,32,0.272,1,SELLER_SUSPICIOUS
87,33,0.379,0,26899,1221,390,0.319,3.64,2.71,3,0.231,0,NONE
63,7,0.111,14,69336,598,50,0.084,3.61,23.82,34,0.805,0,NONE
92,31,0.337,23,12675,471,164,0.348,1.56,40.64,48,0.087,0,NONE
78,6,0.077,0,2698,1128,146,0.129,1.49,87.64,29,0.421,0,NONE
6,0,0.0,0,23736,1959,745,0.38,4.3,36.31,12,0.831,0,NONE
41,5,0.122,8,63016,959,499,0.52,4.9,77.98,17,0.868,1,REPEATED_REVIEW
63,45,0.714,16,29029,1158,208,0.18,2.07,54.16,45,0.403,1,RETURN_ABUSE
77,53,0.688,21,52193,23,9,0.391,3.1,17.17,23,0.683,1,SELLER_SUSPICIOUS
74,17,0.23,20,38743,60,37,0.617,1.27,40.52,38,0.83,1,SELLER_SUSPICIOUS
91,26,0.286,24,29902,187,97,0.519,3.4,66.5,7,0.573,1,SELLER_SUSPICIOUS
21,9,0.429,4,29873,653,45,0.069,1.19,16.63,43,0.184,0,NONE
57,35,0.614,10,72855,1156,186,0.161,2.19,56.64,34,0.397,0,NONE
28,21,0.75,5,22292,1805,750,0.416,2.05,59.51,43,0.846,1,SELLER_SUSPICIOUS
113,72,0.637,25,2024,92,8,0.087,2.41,41.28,43,0.598,1,RETURN_ABUSE
29,6,0.207,2,45686,1541,107,0.069,3.78,27.21,34,0.103,0,NONE
105,43,0.41,26,70126,836,16,0.019,4.8,44.6,47,0.087,0,NONE
84,7,0.083,20,11844,1770,373,0.211,3.55,98.06,18,0.489,0,NONE
19,10,0.526,1,28435,797,15,0.019,4.7,18.06,21,0.473,0,NONE
11,5,0.455,2,9320,1562,136,0.087,1.77,11.53,23,0.795,0,NONE
99,38,0.384,2,37765,1486,614,0.413,1.15,59.63,35,0.561,1,SELLER_SUSPICIOUS
49,33,0.673,2,3483,1005,182,0.181,2.62,57.24,49,0.538,1,RETURN_ABUSE
90,24,0.267,12,27845,1204,15,0.012,2.71,87.67,2,0.024,0,NONE
46,33,0.717,10,29930,1824,1164,0.638,2.54,93.26,39,0.009,1,SELLER_SUSPICIOUS
33,16,0.485,4,62687,716,271,0.378,4.49,98.41,10,0.092,0,NONE
107,83,0.776,4,11316,1732,2,0.001,2.87,29.7,4,0.716,1,RETURN_ABUSE
41,24,0.585,0,35900,418,139,0.333,4.83,79.8,37,0.089,0,NONE
74,38,0.514,13,30257,1888,225,0.119,1.67,99.12,8,0.943,1,REPEATED_REVIEW
67,52,0.776,18,34657,1373,106,0.077,1.71,22.05,49,0.957,1,REPEATED_REVIEW
10,4,0.4,0,74281,1090,726,0.666,4.54,92.78,49,0.174,1,SELLER_SUSPICIOUS
110,34,0.309,17,27185,1188,215,0.181,4.59,46.34,13,0.224,0,NONE
115,88,0.765,8,35201,1400,609,0.435,2.83,39.12,28,0.477,1,SELLER_SUSPICIOUS
71,24,0.338,1,26431,189,8,0.042,2.32,93.16,11,0.087,0,NONE
92,37,0.402,7,22254,1944,1199,0.617,2.98,8.1,48,0.683,1,SELLER_SUSPICIOUS
73,12,0.164,16,10016,243,61,0.251,3.37,82.47,40,0.678,0,NONE
95,32,0.337,5,7814,355,167,0.47,1.98,15.73,48,0.708,0,NONE
111,44,0.396,24,26792,1213,355,0.293,3.47,75.27,7,0.882,1,REPEATED_REVIEW
49,30,0.612,6,78749,1437,671,0.467,2.34,74.35,31,0.001,0,NONE
6,1,0.167,0,58432,1567,294,0.188,1.77,8.41,27,0.981,0,NONE
21,7,0.333,1,13487,467,162,0.347,1.51,28.33,7,0.541,0,NONE
100,62,0.62,27,27160,1008,277,0.275,4.75,68.79,4,0.301,1,RETURN_ABUSE
21,11,0.524,5,64388,1949,885,0.454,2.38,62.09,18,0.872,1,REPEATED_REVIEW
68,46,0.676,11,77975,782,226,0.289,3.38,38.36,29,0.022,0,NONE
10,6,0.6,2,27582,589,25,0.042,1.64,46.85,4,0.426,0,NONE
17,8,0.471,4,76432,1118,129,0.115,4.09,23.01,11,0.273,0,NONE
85,55,0.647,20,39714,888,83,0.093,2.59,27.42,3,0.312,0,NONE
62,37,0.597,14,77461,1206,831,0.689,4.47,71.49,18,0.864,1,REPEATED_REVIEW
84,26,0.31,7,22063,449,144,0.321,1.36,15.37,27,0.845,0,NONE
75,2,0.027,11,6155,1871,377,0.201,3.47,79.65,25,0.001,0,NONE
75,16,0.213,11,51527,1783,520,0.292,1.8,49.16,22,0.582,0,NONE
6,3,0.5,0,30259,1760,720,0.409,1.05,7.24,18,0.48,0,NONE
99,37,0.374,10,22304,748,101,0.135,4.63,72.43,24,0.146,0,NONE
80,56,0.7,13,39059,1506,591,0.392,2.93,21.03,33,0.56,1,SELLER_SUSPICIOUS
36,17,0.472,0,49653,244,32,0.131,4.53,8.25,13,0.079,0,NONE
26,6,0.231,1,23898,109,45,0.413,3.77,82.14,42,0.167,0,NONE
53,39,0.736,10,58160,654,389,0.595,3.38,61.66,31,0.541,1,SELLER_SUSPICIOUS
118,75,0.636,7,26789,1903,1107,0.582,2.36,81.48,7,0.661,1,SELLER_SUSPICIOUS
84,3,0.036,5,28461,41,25,0.61,2.92,4.08,42,0.439,0,NONE
86,11,0.128,22,2060,1344,242,0.18,1.88,97.59,36,0.744,0,NONE
97,52,0.536,22,20549,933,548,0.587,4.99,97.48,3,0.082,1,SELLER_SUSPICIOUS
119,34,0.286,28,16809,1250,352,0.282,4.36,17.42,21,0.727,0,NONE
65,23,0.354,4,78839,751,363,0.483,4.07,50.48,49,0.514,0,NONE
109,35,0.321,25,32360,885,511,0.577,3.42,59.77,36,0.422,1,SELLER_SUSPICIOUS
46,11,0.239,2,48864,549,39,0.071,4.34,23.58,26,0.716,0,NONE
116,86,0.741,13,49653,394,40,0.102,1.99,87.07,47,0.593,1,RETURN_ABUSE
107,83,0.776,1,69850,857,144,0.168,2.56,96.94,2,0.858,1,REPEATED_REVIEW
9,6,0.667,0,22427,479,163,0.34,4.88,45.38,11,0.884,1,REPEATED_REVIEW
18,9,0.5,4,77119,881,360,0.409,2.72,24.87,43,0.949,1,REPEATED_REVIEW
61,19,0.311,10,55704,706,484,0.686,3.13,78.18,44,0.446,1,SELLER_SUSPICIOUS
115,78,0.678,5,1119,1294,881,0.681,4.95,12.3,37,0.937,1,REPEATED_REVIEW
33,0,0.0,6,1558,217,58,0.267,2.26,50.72,14,0.688,0,NONE
24,17,0.708,2,66161,236,49,0.208,4.89,58.01,47,0.522,1,RETURN_ABUSE
27,11,0.407,5,12615,170,44,0.259,1.57,93.98,8,0.97,1,REPEATED_REVIEW
5,2,0.4,0,23696,1395,357,0.256,4.47,17.71,34,0.662,0,NONE
94,42,0.447,9,55909,1188,537,0.452,4.48,57.06,12,0.113,0,NONE
93,45,0.484,3,32390,1330,653,0.491,2.58,65.12,26,0.349,1,SELLER_SUSPICIOUS
70,49,0.7,5,6204,1204,680,0.565,4.97,75.24,13,0.289,1,SELLER_SUSPICIOUS
79,3,0.038,1,29665,1687,18,0.011,4.23,76.23,41,0.317,0,NONE
113,74,0.655,0,1867,841,454,0.54,1.02,32.46,12,0.61,1,SELLER_SUSPICIOUS
19,4,0.211,2,36143,624,416,0.667,1.95,37.33,44,0.015,0,NONE
15,2,0.133,3,60733,981,2,0.002,3.17,95.15,2,0.479,0,NONE
97,25,0.258,24,33279,1176,303,0.258,3.32,53.36,15,0.394,0,NONE
91,69,0.758,13,60389,383,20,0.052,1.78,0.76,47,0.071,0,NONE
19,8,0.421,3,9406,70,14,0.2,1.79,47.92,19,0.101,0,NONE
72,47,0.653,20,36878,1712,750,0.438,3.13,58.09,42,0.61,1,SELLER_SUSPICIOUS
22,1,0.045,0,44096,663,89,0.134,1.49,18.11,31,0.859,0,NONE
43,12,0.279,6,19243,1284,444,0.346,2.03,96.29,4,0.087,0,NONE
58,0,0.0,11,71531,1728,558,0.323,4.81,60.16,21,0.884,0,NONE
13,9,0.692,0,76653,1676,681,0.406,4.6,35.34,26,0.256,1,SELLER_SUSPICIOUS
72,49,0.681,18,36951,1103,166,0.15,3.67,9.55,36,0.15,0,NONE
59,4,0.068,14,26660,502,107,0.213,4.45,21.67,17,0.178,0,NONE
41,14,0.341,2,34255,1498,649,0.433,2.03,63.2,25,0.988,1,REPEATED_REVIEW
39,6,0.154,4,32617,656,166,0.253,3.9,1.58,24,0.128,0,NONE
23,3,0.13,1,34393,573,287,0.501,2.1,7.94,40,0.645,0,NONE
40,2,0.05,8,31867,1396,890,0.638,2.37,61.72,13,0.519,0,NONE
6,3,0.5,0,11256,447,26,0.058,3.56,27.11,8,0.651,0,NONE
48,2,0.042,5,5749,746,171,0.229,3.65,55.78,34,0.446,0,NONE
12,5,0.417,1,61463,472,286,0.606,4.02,17.05,42,0.097,0,NONE
59,15,0.254,11,29828,1443,907,0.629,4.92,47.49,30,0.235,0,NONE
96,4,0.042,19,63211,383,120,0.313,3.69,9.29,22,0.089,0,NONE
107,31,0.29,0,77059,479,37,0.077,1.64,6.31,36,0.303,0,NONE
118,65,0.551,20,36085,780,448,0.574,2.22,39.7,23,0.942,1,REPEATED_REVIEW
86,54,0.628,5,65950,162,85,0.525,3.27,39.1,12,0.931,1,REPEATED_REVIEW
46,17,0.37,12,35094,1201,215,0.179,3.13,72.14,3,0.79,1,RETURN_ABUSE
56,13,0.232,8,78722,1448,674,0.465,1.69,69.5,18,0.957,1,REPEATED_REVIEW
86,9,0.105,24,75020,272,53,0.195,2.25,60.64,1,0.606,0,NONE
58,45,0.776,2,35798,1980,901,0.455,1.59,36.75,8,0.478,1,SELLER_SUSPICIOUS
72,24,0.333,14,47159,1216,11,0.009,4.86,43.25,13,0.936,0,NONE
24,17,0.708,4,55599,466,159,0.341,1.86,61.96,23,0.152,1,SELLER_SUSPICIOUS
119,4,0.034,18,43413,797,344,0.432,1.23,99.49,31,0.695,0,NONE
77,22,0.286,18,45436,1142,148,0.13,1.49,30.33,7,0.692,0,NONE
101,3,0.03,3,55323,804,100,0.124,3.46,30.63,36,0.527,0,NONE
107,49,0.458,30,42968,1671,767,0.459,1.78,36.78,28,0.482,1,SELLER_SUSPICIOUS
75,36,0.48,21,69752,529,182,0.344,2.66,48.13,38,0.26,0,NONE
14,6,0.429,1,6042,920,64,0.07,2.29,83.43,45,0.976,1,REPEATED_REVIEW
86,44,0.512,3,41924,1014,496,0.489,3.19,45.44,26,0.127,0,NONE
38,19,0.5,1,21723,1270,744,0.586,3.46,85.96,42,0.785,1,SELLER_SUSPICIOUS
17,0,0.0,0,31411,36,23,0.639,2.26,68.81,48,0.255,0,NONE
14,1,0.071,1,29171,1999,231,0.116,2.85,63.72,34,0.386,0,NONE
90,71,0.789,16,49730,1956,955,0.488,2.8,88.25,5,0.737,1,SELLER_SUSPICIOUS
69,22,0.319,4,42491,864,199,0.23,1.34,71.63,45,0.802,1,RETURN_ABUSE
103,23,0.223,16,17031,296,57,0.193,2.85,99.16,15,0.942,1,REPEATED_REVIEW
119,27,0.227,4,76795,1363,137,0.101,1.08,8.22,28,0.899,0,NONE
12,7,0.583,0,35644,981,462,0.471,1.82,12.14,4,0.775,1,SELLER_SUSPICIOUS
45,24,0.533,9,62058,209,113,0.541,2.29,12.52,27,0.98,1,REPEATED_REVIEW
17,4,0.235,3,58366,541,270,0.499,1.44,59.85,9,0.372,0,NONE
63,13,0.206,17,78311,433,212,0.49,3.7,49.6,49,0.646,0,NONE
103,31,0.301,29,49258,58,11,0.19,4.68,25.22,13,0.221,0,NONE
12,7,0.583,1,15071,1779,202,0.114,2.28,75.32,25,0.937,1,REPEATED_REVIEW
33,12,0.364,1,13557,560,212,0.379,3.9,81.78,31,0.488,1,SELLER_SUSPICIOUS
27,11,0.407,4,4254,440,188,0.427,3.97,61.19,19,0.152,0,NONE
34,6,0.176,8,56947,1272,110,0.086,1.64,55.8,8,0.247,0,NONE
9,2,0.222,0,39287,1147,482,0.42,2.61,80.01,43,0.311,0,NONE
25,13,0.52,6,25998,1109,111,0.1,4.14,55.42,22,0.848,1,RETURN_ABUSE
62,11,0.177,16,63937,1057,632,0.598,4.83,36.79,11,0.756,1,SELLER_SUSPICIOUS
99,69,0.697,23,24262,1144,697,0.609,2.47,44.86,20,0.78,1,SELLER_SUSPICIOUS
103,25,0.243,4,73945,1512,821,0.543,3.78,0.32,38,0.167,0,NONE
64,44,0.688,16,28266,602,3,0.005,3.04,72.34,37,0.58,1,RETURN_ABUSE
59,3,0.051,1,16529,613,402,0.656,2.08,82.5,49,0.636,1,SELLER_SUSPICIOUS
87,21,0.241,23,42592,1119,541,0.483,4.93,20.98,36,0.517,0,NONE
52,35,0.673,13,29354,132,54,0.409,1.94,37.14,49,0.598,1,SELLER_SUSPICIOUS
51,10,0.196,8,34287,1161,160,0.138,2.68,63.62,48,0.178,0,NONE
19,5,0.263,3,57918,1914,136,0.071,4.8,20.29,10,0.335,0,NONE
81,42,0.519,16,6897,1673,709,0.424,3.07,29.87,19,0.259,0,NONE
50,25,0.5,2,63312,1875,48,0.026,2.74,93.74,36,0.133,0,NONE
8,5,0.625,0,57114,1029,640,0.622,4.12,0.7,41,0.159,0,NONE
64,43,0.672,3,23752,945,407,0.431,1.23,28.22,28,0.276,1,SELLER_SUSPICIOUS
59,27,0.458,13,17515,925,399,0.431,4.04,44.97,13,0.268,0,NONE
77,44,0.571,3,59563,1662,595,0.358,3.48,56.2,21,0.532,1,SELLER_SUSPICIOUS
37,26,0.703,6,14789,691,247,0.357,3.19,12.8,48,0.937,1,REPEATED_REVIEW
46,25,0.543,11,23169,1356,164,0.121,4.93,25.65,3,0.725,0,NONE
41,23,0.561,0,18822,390,160,0.41,1.6,22.53,42,0.089,0,NONE
90,32,0.356,16,75915,1616,572,0.354,4.44,72.28,41,0.792,1,SELLER_SUSPICIOUS
53,16,0.302,1,51169,217,97,0.447,2.94,16.58,2,0.664,0,NONE
61,1,0.016,9,66133,1187,434,0.366,3.6,54.54,24,0.787,0,NONE
42,9,0.214,2,67763,262,62,0.237,2.99,33.98,21,0.165,0,NONE
72,45,0.625,19,31433,1698,375,0.221,1.51,65.96,28,0.255,0,NONE
109,39,0.358,25,40461,900,446,0.496,3.21,9.42,3,0.909,1,REPEATED_REVIEW
101,41,0.406,19,19158,793,435,0.549,2.81,39.74,43,0.776,1,SELLER_SUSPICIOUS
55,10,0.182,7,72447,1629,7,0.004,2.15,79.29,36,0.276,0,NONE
76,54,0.711,8,21538,1954,237,0.121,3.13,15.8,20,0.558,0,NONE
6,2,0.333,0,38211,406,258,0.635,4.59,16.89,38,0.141,0,NONE
5,2,0.4,0,65531,632,415,0.657,3.62,15.21,4,0.799,1,SELLER_SUSPICIOUS
114,18,0.158,31,63487,1950,813,0.417,2.28,98.84,45,0.984,1,REPEATED_REVIEW
25,12,0.48,1,1783,943,101,0.107,4.92,65.61,27,0.687,1,RETURN_ABUSE
7,0,0.0,1,24717,1425,644,0.452,4.89,33.68,9,0.819,0,NONE
54,5,0.093,2,30590,1493,942,0.631,3.61,31.41,24,0.494,0,NONE
7,3,0.429,1,59665,1005,276,0.275,1.45,8.72,33,0.24,0,NONE
56,33,0.589,8,72486,962,337,0.35,4.0,65.11,48,0.577,1,SELLER_SUSPICIOUS
21,4,0.19,3,18558,881,288,0.327,1.51,67.62,2,0.315,0,NONE
32,14,0.438,6,76729,220,147,0.668,1.91,83.7,23,0.077,1,SELLER_SUSPICIOUS
71,3,0.042,14,55577,162,62,0.383,1.27,76.32,46,0.759,0,NONE
104,75,0.721,16,54298,412,251,0.609,3.66,26.03,33,0.874,1,REPEATED_REVIEW
95,22,0.232,26,15723,577,37,0.064,1.91,38.16,35,0.413,0,NONE
82,24,0.293,7,23883,289,153,0.529,4.86,12.75,19,0.973,1,REPEATED_REVIEW
7,1,0.143,0,24764,303,211,0.696,4.93,62.13,9,0.305,0,NONE
23,14,0.609,3,4993,1163,436,0.375,3.16,9.65,30,0.046,0,NONE
37,23,0.622,3,47233,1246,820,0.658,2.19,29.99,30,0.599,1,SELLER_SUSPICIOUS
72,27,0.375,7,15349,1916,1150,0.6,3.5,53.13,49,0.285,0,NONE
16,2,0.125,2,65587,513,49,0.096,3.29,65.88,48,0.831,0,NONE
71,43,0.606,0,73192,1244,444,0.357,1.13,86.86,34,0.879,1,REPEATED_REVIEW
69,7,0.101,12,32674,1467,331,0.226,4.64,46.44,15,0.602,0,NONE
30,19,0.633,5,15067,552,306,0.554,2.78,78.88,4,0.676,1,SELLER_SUSPICIOUS
96,27,0.281,3,31295,1984,578,0.291,3.61,95.05,34,0.473,0,NONE
109,0,0.0,7,42570,1977,1285,0.65,4.57,0.29,12,0.604,0,NONE
31,7,0.226,2,29533,1492,440,0.295,2.33,48.2,40,0.47,0,NONE
52,19,0.365,7,71844,672,188,0.28,1.02,0.77,8,0.037,0,NONE
101,38,0.376,20,4328,1988,703,0.354,3.05,29.35,41,0.397,0,NONE
41,16,0.39,8,34123,1832,818,0.447,4.52,57.48,39,0.494,1,SELLER_SUSPICIOUS
15,2,0.133,2,60018,1601,0,0.0,2.56,72.99,8,0.908,0,NONE
113,11,0.097,32,64589,122,68,0.557,1.01,63.64,23,0.718,0,NONE
51,22,0.431,0,22690,1895,849,0.448,2.03,66.53,33,0.456,1,SELLER_SUSPICIOUS
86,18,0.209,14,11151,955,83,0.087,4.6,40.42,15,0.75,0,NONE
6,2,0.333,0,37136,124,73,0.589,2.45,59.37,10,0.502,1,SELLER_SUSPICIOUS
55,8,0.145,8,47119,790,83,0.105,3.55,74.1,29,0.066,0,NONE
20,13,0.65,1,79428,1980,267,0.135,2.18,48.6,45,0.399,0,NONE
105,61,0.581,16,75378,242,152,0.628,3.92,65.23,28,0.387,1,SELLER_SUSPICIOUS
111,17,0.153,8,37288,1677,1053,0.628,2.79,79.84,3,0.45,0,NONE
48,14,0.292,8,69170,42,7,0.167,4.56,1.23,36,0.393,0,NONE
28,6,0.214,1,41103,952,6,0.006,1.57,89.01,1,0.947,0,NONE
23,9,0.391,3,17797,1462,426,0.291,2.54,79.17,11,0.311,0,NONE
42,4,0.095,7,1429,1731,832,0.481,1.42,16.74,5,0.228,0,NONE
92,58,0.63,2,70688,1815,1178,0.649,1.84,92.56,27,0.16,1,SELLER_SUSPICIOUS
54,5,0.093,10,53661,504,121,0.24,1.46,95.59,37,0.474,0,NONE
10,3,0.3,1,72175,220,112,0.509,1.35,60.69,17,0.386,0,NONE
116,21,0.181,3,28216,1208,488,0.404,3.21,54.17,22,0.247,0,NONE
91,50,0.549,2,10069,1459,108,0.074,1.78,5.76,46,0.677,0,NONE
25,11,0.44,2,858,855,498,0.582,1.66,58.3,35,0.151,0,NONE
102,10,0.098,3,64422,528,272,0.515,3.94,30.05,22,0.569,0,NONE
23,4,0.174,4,19451,1327,516,0.389,2.9,54.3,19,0.132,0,NONE
95,10,0.105,21,2208,1602,245,0.153,1.52,79.05,28,0.058,0,NONE
60,19,0.317,8,66593,1037,523,0.504,4.88,94.91,26,0.981,1,REPEATED_REVIEW
112,51,0.455,31,78905,1042,694,0.666,2.5,28.58,33,0.563,1,SELLER_SUSPICIOUS
27,14,0.519,2,62654,723,248,0.343,2.45,72.57,14,0.456,1,SELLER_SUSPICIOUS
96,50,0.521,14,6642,1794,771,0.43,4.23,47.65,9,0.059,0,NONE
49,16,0.327,0,62820,756,146,0.193,2.25,25.6,5,0.51,0,NONE
114,60,0.526,30,52419,1157,479,0.414,4.72,3.05,3,0.693,1,SELLER_SUSPICIOUS
46,20,0.435,11,12444,1707,695,0.407,3.11,79.34,35,0.998,1,REPEATED_REVIEW
12,0,0.0,2,11386,598,64,0.107,2.37,63.29,15,0.143,0,NONE
108,7,0.065,4,7795,220,126,0.573,4.54,70.0,40,0.399,0,NONE
38,13,0.342,3,9105,1401,74,0.053,2.4,11.1,13,0.948,0,NONE
38,12,0.316,2,74585,1571,1089,0.693,1.31,50.06,42,0.242,0,NONE
106,59,0.557,1,46592,203,110,0.542,1.84,86.34,3,0.803,1,SELLER_SUSPICIOUS
82,54,0.659,21,24282,1608,320,0.199,3.2,21.93,13,0.603,1,RETURN_ABUSE
57,18,0.316,16,17066,1066,543,0.509,2.8,58.59,8,0.555,1,SELLER_SUSPICIOUS
24,17,0.708,5,32421,431,52,0.121,4.22,55.25,4,0.143,0,NONE
91,7,0.077,17,75263,1674,849,0.507,4.3,72.17,41,0.749,0,NONE
83,56,0.675,16,32397,1829,1119,0.612,3.37,89.57,24,0.839,1,SELLER_SUSPICIOUS
45,5,0.111,4,55603,1200,667,0.556,1.41,36.02,19,0.565,0,NONE
38,11,0.289,3,16709,930,140,0.151,2.69,37.73,12,0.675,0,NONE
21,9,0.429,1,62868,1871,631,0.337,3.7,13.91,21,0.713,0,NONE
17,4,0.235,0,54540,1649,532,0.323,2.9,63.43,37,0.048,0,NONE
105,47,0.448,6,19471,1043,552,0.529,2.9,11.1,14,0.771,1,SELLER_SUSPICIOUS
109,70,0.642,8,79360,229,140,0.611,2.66,71.97,9,0.657,1,SELLER_SUSPICIOUS
79,53,0.671,21,51668,1143,620,0.542,4.02,3.59,9,0.137,0,NONE
11,3,0.273,1,24054,1071,325,0.303,3.58,39.51,40,0.468,0,NONE
69,35,0.507,10,73516,68,9,0.132,3.18,9.99,10,0.015,0,NONE
41,5,0.122,7,37109,1892,867,0.458,4.8,3.14,3,0.404,0,NONE
21,11,0.524,5,54631,1579,540,0.342,2.86,96.35,26,0.678,1,SELLER_SUSPICIOUS
88,27,0.307,15,12450,484,103,0.213,1.53,85.71,42,0.77,1,RETURN_ABUSE
98,33,0.337,4,20947,1779,664,0.373,4.09,51.8,12,0.001,0,NONE
47,35,0.745,12,53370,1271,622,0.489,3.7,54.7,8,0.783,1,SELLER_SUSPICIOUS
93,71,0.763,12,63022,663,103,0.155,1.26,22.82,34,0.603,1,RETURN_ABUSE
81,14,0.173,22,49567,1261,515,0.408,4.83,94.27,5,0.531,0,NONE
88,49,0.557,10,61715,559,277,0.496,2.46,22.54,44,0.62,1,SELLER_SUSPICIOUS
61,25,0.41,9,56251,1403,67,0.048,2.55,67.41,43,0.81,1,RETURN_ABUSE
51,37,0.725,7,24489,1743,558,0.32,1.24,69.0,26,0.147,1,SELLER_SUSPICIOUS
9,3,0.333,1,48062,267,53,0.199,2.66,30.19,34,0.242,0,NONE
65,20,0.308,13,27576,1433,293,0.204,4.71,76.09,14,0.547,0,NONE
17,2,0.118,4,44027,1471,492,0.334,1.2,84.36,48,0.995,1,REPEATED_REVIEW
54,10,0.185,14,14479,1535,271,0.177,3.55,49.82,26,0.523,0,NONE
80,10,0.125,4,63564,293,18,0.061,1.7,21.4,18,0.981,0,NONE
8,3,0.375,0,25872,1614,124,0.077,4.77,96.01,16,0.977,1,REPEATED_REVIEW
12,7,0.583,1,36691,514,93,0.181,3.56,66.66,20,0.565,1,RETURN_ABUSE
90,43,0.478,8,23101,1591,170,0.107,1.18,80.81,40,0.848,1,RETURN_ABUSE
76,47,0.618,21,67232,29,3,0.103,2.16,39.78,27,0.955,1,REPEATED_REVIEW
5,3,0.6,0,54074,1796,979,0.545,1.36,3.26,35,0.951,1,REPEATED_REVIEW
95,16,0.168,17,46240,135,92,0.681,3.26,35.86,4,0.847,1,SELLER_SUSPICIOUS
5,1,0.2,0,25229,1920,1289,0.671,4.36,75.18,5,0.036,0,NONE
21,5,0.238,1,65003,1792,732,0.408,2.73,71.92,21,0.517,0,NONE
30,18,0.6,2,67168,719,198,0.275,4.58,94.65,40,0.401,1,RETURN_ABUSE
82,3,0.037,22,75101,103,14,0.136,3.18,20.45,8,0.186,0,NONE
23,15,0.652,5,60815,1537,474,0.308,1.28,94.08,37,0.46,1,SELLER_SUSPICIOUS
115,23,0.2,26,45595,208,23,0.111,2.41,82.48,34,0.876,0,NONE
91,52,0.571,23,44384,600,350,0.583,1.51,76.55,6,0.055,1,SELLER_SUSPICIOUS
14,7,0.5,2,77616,231,2,0.009,4.53,5.19,4,0.967,0,NONE
42,4,0.095,6,51501,325,29,0.089,2.3,71.26,27,0.271,0,NONE
61,47,0.77,14,27627,1065,212,0.199,3.17,14.96,16,0.078,0,NONE
35,9,0.257,9,47635,462,161,0.348,4.12,58.38,11,0.628,0,NONE
90,16,0.178,3,79458,172,20,0.116,3.24,78.07,25,0.172,0,NONE
85,65,0.765,7,7763,1466,1024,0.698,1.49,12.51,17,0.031,1,SELLER_SUSPICIOUS
45,28,0.622,8,22144,601,261,0.434,3.66,15.73,17,0.701,1,SELLER_SUSPICIOUS
80,47,0.588,14,35498,211,64,0.303,2.25,48.25,36,0.786,1,SELLER_SUSPICIOUS
72,17,0.236,16,70982,62,34,0.548,1.05,70.37,14,0.843,1,SELLER_SUSPICIOUS
8,2,0.25,0,71033,908,167,0.184,1.21,50.48,27,0.482,0,NONE
108,12,0.111,15,67891,1526,658,0.431,2.59,13.17,10,0.809,0,NONE
99,67,0.677,11,28298,1557,1045,0.671,3.69,79.67,7,0.313,1,SELLER_SUSPICIOUS
71,49,0.69,15,11754,614,178,0.29,1.05,67.4,33,0.549,1,RETURN_ABUSE
57,10,0.175,4,17023,1444,901,0.624,2.34,73.27,14,0.606,1,SELLER_SUSPICIOUS
63,32,0.508,17,26549,578,166,0.287,4.78,64.17,7,0.632,1,RETURN_ABUSE
18,6,0.333,2,23431,1072,337,0.314,4.77,91.47,8,0.068,0,NONE
33,9,0.273,0,11061,537,57,0.106,1.45,40.36,5,0.19,0,NONE
88,40,0.455,16,28730,1038,386,0.372,1.82,48.3,16,0.631,1,SELLER_SUSPICIOUS
28,9,0.321,5,4617,173,42,0.243,3.38,17.21,47,0.951,0,NONE
95,40,0.421,21,65119,422,83,0.197,1.37,55.34,34,0.704,1,RETURN_ABUSE
10,6,0.6,2,4349,92,32,0.348,3.69,58.36,36,0.25,0,NONE
6,0,0.0,0,40887,1108,594,0.536,1.42,15.48,15,0.213,0,NONE
55,20,0.364,10,2313,887,609,0.687,2.49,5.05,1,0.015,0,NONE
72,6,0.083,16,66118,1940,1096,0.565,4.36,18.85,32,0.215,0,NONE
42,16,0.381,9,79013,1462,755,0.516,3.99,91.45,28,0.861,1,REPEATED_REVIEW
8,4,0.5,0,68998,1291,859,0.665,3.45,63.77,42,0.701,1,SELLER_SUSPICIOUS
113,39,0.345,22,1634,1523,1023,0.672,1.99,21.44,5,0.077,0,NONE
38,7,0.184,10,74288,965,313,0.324,3.39,59.48,30,0.951,1,REPEATED_REVIEW
14,1,0.071,1,60530,294,163,0.554,4.73,54.43,46,0.397,0,NONE
106,64,0.604,22,10603,622,237,0.381,2.17,77.07,17,0.921,1,REPEATED_REVIEW
10,2,0.2,0,44303,884,548,0.62,3.67,78.74,21,0.411,0,NONE
62,42,0.677,5,50331,439,113,0.257,3.6,93.63,28,0.419,1,RETURN_ABUSE
67,21,0.313,10,7852,1248,771,0.618,3.36,40.76,43,0.491,0,NONE
72,27,0.375,14,7796,842,2,0.002,2.64,65.52,1,0.924,1,REPEATED_REVIEW
89,28,0.315,4,36029,879,20,0.023,3.99,72.06,47,0.685,0,NONE
39,3,0.077,4,2687,1487,282,0.19,3.06,53.56,21,0.743,0,NONE
56,23,0.411,8,3091,586,351,0.599,4.15,63.22,49,0.506,1,SELLER_SUSPICIOUS
43,15,0.349,0,23908,1256,828,0.659,2.57,55.34,35,0.349,1,SELLER_SUSPICIOUS
45,4,0.089,9,33354,484,75,0.155,4.44,74.84,22,0.296,0,NONE
115,36,0.313,22,23699,1601,494,0.309,2.96,42.96,40,0.863,1,REPEATED_REVIEW
105,5,0.048,11,44549,1649,661,0.401,3.17,34.52,43,0.732,0,NONE
119,77,0.647,9,44439,693,200,0.289,1.85,31.1,39,0.058,0,NONE
23,14,0.609,5,55435,1627,362,0.222,3.23,41.58,33,0.541,1,RETURN_ABUSE
78,39,0.5,14,9140,1968,945,0.48,2.31,54.67,1,0.631,1,SELLER_SUSPICIOUS
52,12,0.231,0,29416,851,316,0.371,2.35,14.28,26,0.512,0,NONE
17,4,0.235,1,62244,1494,1030,0.689,4.09,95.14,1,0.018,0,NONE
21,10,0.476,0,51440,1430,206,0.144,4.54,22.19,26,0.253,0,NONE
29,21,0.724,3,42556,651,311,0.478,4.34,82.14,16,0.203,1,SELLER_SUSPICIOUS
112,50,0.446,6,1217,1456,338,0.232,4.28,40.46,15,0.466,0,NONE
57,29,0.509,7,23685,454,47,0.104,1.83,4.2,6,0.389,0,NONE
61,39,0.639,3,25807,135,56,0.415,4.93,45.05,13,0.804,1,SELLER_SUSPICIOUS
83,19,0.229,9,27446,1894,2,0.001,2.4,37.25,4,0.464,0,NONE
79,57,0.722,10,8526,1457,234,0.161,4.33,84.23,9,0.005,0,NONE
102,60,0.588,23,79042,1091,408,0.374,3.32,42.61,37,0.521,1,SELLER_SUSPICIOUS
66,38,0.576,16,44886,504,210,0.417,3.48,74.23,7,0.662,1,SELLER_SUSPICIOUS
96,5,0.052,25,77002,1010,575,0.569,4.1,85.26,22,0.758,1,SELLER_SUSPICIOUS
80,41,0.512,12,39678,73,15,0.205,1.81,31.38,40,0.6,0,NONE
6,1,0.167,0,77009,735,299,0.407,3.98,55.79,26,0.696,0,NONE
16,2,0.125,1,5386,677,317,0.468,4.18,27.19,38,0.533,0,NONE
71,37,0.521,2,23088,1172,684,0.584,4.3,46.31,46,0.219,1,SELLER_SUSPICIOUS
104,6,0.058,21,52698,1480,974,0.658,4.29,46.15,6,0.787,1,SELLER_SUSPICIOUS
105,83,0.79,11,17044,1583,391,0.247,1.12,25.96,6,0.415,1,RETURN_ABUSE
100,34,0.34,14,19759,1163,813,0.699,3.67,32.3,46,0.888,1,REPEATED_REVIEW
108,28,0.259,6,12891,96,17,0.177,4.38,24.9,38,0.095,0,NONE
24,11,0.458,2,34224,818,90,0.11,4.23,85.8,45,0.466,0,NONE
99,14,0.141,15,63844,822,458,0.557,2.44,78.37,11,0.014,0,NONE
52,34,0.654,5,33433,1458,461,0.316,4.67,70.62,36,0.039,0,NONE
83,57,0.687,2,46787,728,340,0.467,2.61,39.06,4,0.991,1,REPEATED_REVIEW
23,10,0.435,1,33840,958,664,0.693,1.92,59.69,24,0.379,1,SELLER_SUSPICIOUS
102,54,0.529,27,69298,1358,900,0.663,4.98,98.11,4,0.861,1,REPEATED_REVIEW
46,19,0.413,5,26113,1758,287,0.163,2.82,67.48,18,0.11,0,NONE
79,20,0.253,11,36682,1468,570,0.388,3.79,64.86,10,0.555,0,NONE
69,6,0.087,3,39604,1698,615,0.362,3.82,45.52,47,0.453,0,NONE
50,13,0.26,1,44935,453,111,0.245,1.1,17.14,15,0.838,0,NONE
24,5,0.208,2,3755,109,12,0.11,1.61,57.26,38,0.643,0,NONE
58,25,0.431,10,25019,895,149,0.166,3.81,6.65,26,0.085,0,NONE
88,54,0.614,15,26017,849,518,0.61,3.01,97.62,48,0.375,1,SELLER_SUSPICIOUS
91,34,0.374,18,43288,1277,464,0.363,3.49,97.34,8,0.941,1,REPEATED_REVIEW
98,19,0.194,27,6250,1311,784,0.598,4.41,93.8,19,0.552,1,SELLER_SUSPICIOUS
102,49,0.48,6,35679,589,289,0.491,2.9,5.52,24,0.101,0,NONE
56,14,0.25,4,20039,1942,583,0.3,2.76,27.84,40,0.207,0,NONE
68,7,0.103,9,15908,1463,636,0.435,2.21,97.54,26,0.809,1,SELLER_SUSPICIOUS
99,63,0.636,5,19314,1899,789,0.415,2.94,30.24,28,0.617,1,SELLER_SUSPICIOUS
66,4,0.061,5,34557,1467,237,0.162,2.25,0.31,23,0.082,0,NONE
99,56,0.566,22,10845,200,8,0.04,1.76,34.71,18,0.667,0,NONE
44,16,0.364,9,9986,850,502,0.591,4.36,98.95,9,0.94,1,REPEATED_REVIEW
94,72,0.766,11,18118,463,248,0.536,4.44,40.68,39,0.454,1,SELLER_SUSPICIOUS
93,61,0.656,7,35200,896,228,0.254,3.04,73.62,26,0.87,1,REPEATED_REVIEW
58,3,0.052,6,46651,1836,844,0.46,3.65,14.12,38,0.855,0,NONE
57,29,0.509,2,51318,1280,757,0.591,4.3,28.57,38,0.97,1,REPEATED_REVIEW
76,56,0.737,5,26305,1587,905,0.57,2.47,8.7,49,0.729,1,SELLER_SUSPICIOUS
97,68,0.701,19,20300,1170,286,0.244,1.87,87.41,39,0.589,1,RETURN_ABUSE
8,4,0.5,0,11378,957,625,0.653,1.21,37.65,17,0.152,0,NONE
101,0,0.0,14,51648,1316,919,0.698,2.94,92.07,45,0.945,1,REPEATED_REVIEW
76,7,0.092,14,76974,800,228,0.285,2.87,76.06,16,0.615,0,NONE
86,16,0.186,6,40019,517,220,0.426,3.83,47.57,43,0.03,0,NONE
25,15,0.6,6,72807,162,72,0.444,2.87,77.36,23,0.626,1,SELLER_SUSPICIOUS
34,0,0.0,8,31527,668,181,0.271,4.99,79.6,11,0.449,0,NONE
13,0,0.0,0,79340,972,71,0.073,4.69,69.56,43,0.801,0,NONE
66,50,0.758,10,60506,1726,862,0.499,4.09,23.69,29,0.856,1,REPEATED_REVIEW
44,22,0.5,7,45897,965,613,0.635,1.08,82.69,8,0.775,1,SELLER_SUSPICIOUS
103,10,0.097,23,58660,1192,114,0.096,2.18,4.15,39,0.265,0,NONE
21,5,0.238,2,61913,1071,549,0.513,4.79,88.49,4,0.35,0,NONE
53,35,0.66,9,807,1613,976,0.605,3.82,62.27,46,0.794,1,SELLER_SUSPICIOUS
103,55,0.534,26,70927,916,209,0.228,4.97,54.1,12,0.186,0,NONE
84,3,0.036,5,45023,942,136,0.144,1.96,71.01,31,0.15,0,NONE
18,12,0.667,0,6198,1293,509,0.394,1.24,90.48,20,0.754,1,SELLER_SUSPICIOUS
14,2,0.143,2,70283,1048,194,0.185,4.03,5.56,15,0.462,0,NONE
109,52,0.477,11,16141,1730,161,0.093,4.42,35.68,12,0.909,1,REPEATED_REVIEW
91,47,0.516,22,7011,148,88,0.595,3.92,94.02,21,0.43,1,SELLER_SUSPICIOUS
53,21,0.396,4,7089,1524,883,0.579,2.15,49.28,46,0.596,1,SELLER_SUSPICIOUS
50,24,0.48,4,75211,908,69,0.076,4.61,34.4,47,0.015,0,NONE
95,17,0.179,20,13526,745,191,0.256,4.59,39.95,25,0.943,0,NONE
76,54,0.711,10,70704,211,4,0.019,1.39,7.57,37,0.119,0,NONE
113,68,0.602,8,30766,771,513,0.665,3.96,3.24,30,0.863,1,REPEATED_REVIEW
112,75,0.67,25,11456,910,444,0.488,1.98,42.35,30,0.26,1,SELLER_SUSPICIOUS
99,57,0.576,20,65506,693,246,0.355,1.46,2.73,1,0.458,0,NONE
44,0,0.0,0,29932,1234,489,0.396,2.44,82.36,17,0.076,0,NONE
103,79,0.767,7,40113,1730,528,0.305,3.23,15.6,38,0.467,1,SELLER_SUSPICIOUS
82,44,0.537,5,62102,385,13,0.034,2.52,80.84,27,0.782,1,RETURN_ABUSE
35,20,0.571,7,9775,25,4,0.16,4.73,68.39,25,0.602,1,RETURN_ABUSE
51,4,0.078,9,12295,409,197,0.482,3.62,61.92,4,0.562,0,NONE
18,13,0.722,4,60794,403,43,0.107,1.47,61.28,43,0.044,0,NONE
39,16,0.41,2,18823,1655,121,0.073,4.33,81.47,17,0.899,1,REPEATED_REVIEW
54,0,0.0,2,38163,1207,140,0.116,3.13,53.78,37,0.07,0,NONE
115,67,0.583,15,5327,1955,1213,0.62,1.63,22.01,32,0.879,1,REPEATED_REVIEW
35,2,0.057,5,29307,811,170,0.21,2.05,31.31,2,0.886,0,NONE
112,56,0.5,15,53718,817,457,0.559,2.26,4.31,29,0.398,0,NONE
102,42,0.412,29,55968,682,452,0.663,1.03,94.32,46,0.108,1,SELLER_SUSPICIOUS
97,22,0.227,5,41747,1661,607,0.365,2.1,90.16,6,0.325,0,NONE
67,2,0.03,9,4222,830,400,0.482,3.79,32.43,17,0.728,0,NONE
9,5,0.556,1,43961,1334,533,0.4,1.53,38.23,11,0.454,1,SELLER_SUSPICIOUS
110,2,0.018,8,57135,95,13,0.137,3.75,12.04,41,0.198,0,NONE
78,18,0.231,14,79416,1090,255,0.234,4.67,77.63,34,0.171,0,NONE
116,24,0.207,9,66753,1533,1016,0.663,3.76,34.05,41,0.052,0,NONE
103,47,0.456,1,76374,1502,404,0.269,4.79,30.46,17,0.231,0,NONE
68,1,0.015,11,47724,829,53,0.064,1.85,42.0,18,0.858,0,NONE
63,25,0.397,15,47865,972,363,0.373,2.25,24.79,42,0.588,0,NONE
81,3,0.037,6,6377,661,314,0.475,3.14,56.61,8,0.904,0,NONE
115,45,0.391,11,17024,1809,16,0.009,1.89,31.76,36,0.817,0,NONE
73,25,0.342,15,52503,815,174,0.213,4.48,8.35,16,0.332,0,NONE
75,44,0.587,19,52847,1424,292,0.205,3.91,48.44,47,0.53,1,RETURN_ABUSE
23,12,0.522,1,3592,83,36,0.434,4.04,15.39,20,0.734,1,SELLER_SUSPICIOUS
67,35,0.522,1,36233,243,15,0.062,1.69,82.74,30,0.392,0,NONE
91,33,0.363,12,6864,1911,533,0.279,2.35,31.19,9,0.23,0,NONE
23,5,0.217,5,64428,167,8,0.048,3.18,10.56,5,0.156,0,NONE
79,36,0.456,21,27053,1879,988,0.526,4.96,3.0,9,0.156,0,NONE
11,3,0.273,2,78486,460,188,0.409,3.55,98.52,32,0.619,1,SELLER_SUSPICIOUS
14,1,0.071,1,39251,163,15,0.092,1.81,93.44,43,0.279,0,NONE
15,6,0.4,0,27127,1370,409,0.299,3.09,25.36,17,0.89,1,REPEATED_REVIEW
96,64,0.667,14,22184,637,198,0.311,2.01,86.56,44,0.061,1,SELLER_SUSPICIOUS
79,39,0.494,17,46750,1374,492,0.358,1.54,15.18,27,0.594,0,NONE
70,48,0.686,15,14709,1359,693,0.51,2.72,27.59,25,0.018,0,NONE
14,9,0.643,3,34283,1404,373,0.266,1.87,5.99,16,0.212,0,NONE
61,19,0.311,17,60254,1326,552,0.416,4.99,18.35,25,0.929,1,REPEATED_REVIEW
44,8,0.182,11,51533,220,9,0.041,1.33,25.86,20,0.483,0,NONE
70,0,0.0,18,49303,1451,1013,0.698,2.18,66.38,14,0.398,0,NONE
19,11,0.579,4,32399,1383,124,0.09,1.1,36.28,46,0.09,0,NONE
22,13,0.591,1,5747,333,75,0.225,1.6,85.16,45,0.293,1,RETURN_ABUSE
82,60,0.732,3,54187,748,95,0.127,3.71,67.96,18,0.581,1,RETURN_ABUSE
27,12,0.444,2,10115,718,452,0.63,3.65,63.37,14,0.442,1,SELLER_SUSPICIOUS
82,11,0.134,15,73184,1642,316,0.192,2.37,13.46,44,0.924,0,NONE
58,43,0.741,1,43616,1838,371,0.202,3.58,28.83,14,0.118,0,NONE
101,30,0.297,2,21455,102,53,0.52,1.37,81.53,13,0.958,1,REPEATED_REVIEW
39,4,0.103,8,49424,345,152,0.441,2.54,66.63,5,0.389,0,NONE
93,71,0.763,22,25716,1767,939,0.531,1.39,17.69,47,0.977,1,REPEATED_REVIEW
79,28,0.354,21,68611,630,19,0.03,3.33,81.25,47,0.318,0,NONE
70,28,0.4,19,7993,27,15,0.556,1.53,63.24,35,0.667,1,SELLER_SUSPICIOUS
112,75,0.67,19,17126,1830,1125,0.615,1.37,78.03,13,0.026,1,SELLER_SUSPICIOUS
90,51,0.567,14,43432,896,42,0.047,1.78,12.55,42,0.524,0,NONE
119,25,0.21,22,56896,943,136,0.144,1.34,5.7,39,0.975,0,NONE
83,54,0.651,13,76941,1085,410,0.378,4.73,52.32,19,0.689,1,SELLER_SUSPICIOUS
50,37,0.74,0,71732,1910,1255,0.657,3.18,13.57,47,0.365,1,SELLER_SUSPICIOUS
15,6,0.4,0,61239,1964,651,0.331,2.43,91.13,46,0.732,1,SELLER_SUSPICIOUS
84,12,0.143,24,58224,137,53,0.387,2.33,67.57,11,0.931,1,REPEATED_REVIEW
11,5,0.455,1,76798,1391,437,0.314,3.2,79.0,28,0.58,1,SELLER_SUSPICIOUS
61,25,0.41,0,48791,801,333,0.416,1.24,49.93,3,0.452,0,NONE
34,19,0.559,7,1446,377,105,0.279,3.46,61.64,38,0.455,1,RETURN_ABUSE
93,6,0.065,21,43332,1765,1008,0.571,1.61,47.74,7,0.525,0,NONE
54,37,0.685,10,46375,692,0,0.0,1.65,67.56,4,0.734,1,RETURN_ABUSE
47,25,0.532,3,10810,497,177,0.356,4.49,57.7,24,0.803,1,SELLER_SUSPICIOUS
54,42,0.778,10,62316,1701,1179,0.693,2.19,14.35,47,0.87,1,REPEATED_REVIEW
35,3,0.086,4,79876,1594,303,0.19,2.28,46.99,41,0.828,0,NONE
34,21,0.618,1,72447,241,35,0.145,4.13,27.71,7,0.678,1,RETURN_ABUSE
62,25,0.403,12,7033,601,43,0.072,1.16,40.54,37,0.423,0,NONE
105,29,0.276,24,65949,52,9,0.173,4.24,95.05,27,0.342,0,NONE
25,11,0.44,6,26640,1204,746,0.62,1.53,43.99,39,0.381,1,SELLER_SUSPICIOUS
58,17,0.293,2,59002,1726,421,0.244,1.87,44.26,31,0.82,0,NONE
72,17,0.236,3,62820,1141,604,0.529,1.27,21.82,6,0.466,0,NONE
61,20,0.328,15,29057,1722,223,0.13,1.88,62.57,9,0.021,0,NONE
26,4,0.154,6,36392,499,329,0.659,3.17,37.38,7,0.442,0,NONE
115,2,0.017,18,62717,367,28,0.076,2.55,5.12,47,0.855,0,NONE
97,18,0.186,2,9595,539,121,0.224,1.58,50.57,21,0.026,0,NONE
12,6,0.5,0,61110,1539,8,0.005,3.23,95.98,7,0.098,0,NONE
106,40,0.377,21,44939,132,43,0.326,1.18,94.6,46,0.454,1,SELLER_SUSPICIOUS
117,88,0.752,11,26799,1709,936,0.548,1.66,5.91,6,0.684,1,SELLER_SUSPICIOUS
47,24,0.511,1,52913,1184,554,0.468,3.22,7.68,28,0.642,1,SELLER_SUSPICIOUS
31,14,0.452,8,31451,1011,467,0.462,3.32,2.22,34,0.041,0,NONE
30,7,0.233,5,32730,625,428,0.685,1.95,9.7,18,0.798,1,SELLER_SUSPICIOUS
70,9,0.129,12,70306,1874,587,0.313,1.29,28.06,11,0.844,0,NONE
107,52,0.486,25,40161,1057,373,0.353,3.92,48.99,1,0.41,0,NONE
90,22,0.244,23,44806,1893,75,0.04,3.92,42.0,33,0.833,0,NONE
56,36,0.643,9,6230,1653,126,0.076,2.66,54.86,13,0.619,1,RETURN_ABUSE
58,21,0.362,15,45539,438,172,0.393,1.53,15.87,22,0.88,1,REPEATED_REVIEW
108,84,0.778,24,10804,1689,662,0.392,2.21,73.09,43,0.418,1,SELLER_SUSPICIOUS
34,12,0.353,1,6474,1506,312,0.207,1.8,31.5,44,0.21,0,NONE
119,46,0.387,6,1573,1475,339,0.23,3.8,33.06,45,0.412,0,NONE
25,7,0.28,4,79936,1220,342,0.28,2.27,91.2,28,0.599,1,RETURN_ABUSE
45,1,0.022,8,61997,1541,296,0.192,2.98,28.56,38,0.091,0,NONE
79,13,0.165,1,30363,790,502,0.635,3.3,6.09,19,0.626,0,NONE
117,87,0.744,34,22999,172,44,0.256,2.98,12.17,34,0.891,1,REPEATED_REVIEW
102,18,0.176,22,70854,1068,527,0.493,2.18,25.57,42,0.181,0,NONE
38,15,0.395,7,1962,1445,545,0.377,2.74,59.4,21,0.426,0,NONE
100,47,0.47,10,67037,1053,541,0.514,3.86,57.9,24,0.4,1,SELLER_SUSPICIOUS
77,30,0.39,14,1015,210,8,0.038,2.24,29.35,17,0.02,0,NONE
103,51,0.495,4,3832,807,78,0.097,3.65,67.91,13,0.019,0,NONE
113,73,0.646,30,566,1539,190,0.123,1.92,89.74,11,0.221,0,NONE
46,12,0.261,3,13440,1311,548,0.418,1.96,75.8,7,0.313,0,NONE
60,22,0.367,6,59699,1530,178,0.116,4.55,15.14,31,0.966,0,NONE
112,54,0.482,16,73333,684,12,0.018,2.71,63.2,6,0.367,0,NONE
103,81,0.786,10,68969,871,191,0.219,3.54,39.83,19,0.523,1,RETURN_ABUSE
66,15,0.227,8,60930,236,34,0.144,4.38,18.28,38,0.642,0,NONE
34,18,0.529,0,21211,1734,594,0.343,4.5,30.25,13,0.871,1,REPEATED_REVIEW
14,1,0.071,3,62457,1963,913,0.465,4.78,68.25,25,0.054,0,NONE
50,23,0.46,10,49165,1426,114,0.08,2.22,6.37,11,0.861,0,NONE
82,50,0.61,15,21545,1227,221,0.18,4.77,87.13,48,0.313,1,RETURN_ABUSE
63,6,0.095,8,3216,210,55,0.262,3.59,62.5,3,0.169,0,NONE
108,6,0.056,26,51406,483,229,0.474,1.35,19.45,11,0.677,0,NONE
37,17,0.459,3,35480,1742,382,0.219,2.91,79.31,48,0.83,1,RETURN_ABUSE
51,34,0.667,3,40705,466,252,0.541,4.69,14.2,24,0.139,0,NONE
86,49,0.57,21,71490,1122,581,0.518,2.4,86.25,8,0.695,1,SELLER_SUSPICIOUS
66,46,0.697,12,75952,1971,1279,0.649,1.04,54.43,1,0.056,1,SELLER_SUSPICIOUS
83,30,0.361,5,54139,1390,309,0.222,2.9,45.13,25,0.595,0,NONE
97,60,0.619,20,15126,1528,305,0.2,3.59,41.9,17,0.277,0,NONE
6,3,0.5,0,6554,1525,861,0.565,3.38,99.57,5,0.26,1,SELLER_SUSPICIOUS
68,15,0.221,18,63580,1208,487,0.403,2.91,86.21,2,0.0,0,NONE
104,63,0.606,21,57097,693,438,0.632,4.01,73.29,33,0.724,1,SELLER_SUSPICIOUS
69,32,0.464,0,715,1175,259,0.22,1.97,7.3,32,0.711,0,NONE
110,54,0.491,5,6083,821,471,0.574,1.16,39.18,18,0.452,1,SELLER_SUSPICIOUS
117,42,0.359,16,34186,1225,498,0.407,1.13,53.5,4,0.989,1,REPEATED_REVIEW
22,9,0.409,5,37833,1549,192,0.124,4.55,39.86,43,0.267,0,NONE
94,8,0.085,26,63394,1887,690,0.366,1.07,90.41,27,0.001,0,NONE
69,53,0.768,16,70667,1427,430,0.301,1.74,42.82,35,0.363,1,SELLER_SUSPICIOUS
97,21,0.216,10,19057,1456,498,0.342,2.32,10.68,31,0.339,0,NONE
22,16,0.727,5,27594,1004,206,0.205,4.13,12.25,19,0.326,0,NONE
102,34,0.333,17,18800,916,476,0.52,1.47,17.19,1,0.247,0,NONE
57,15,0.263,11,33134,80,53,0.662,1.05,51.18,1,0.836,1,SELLER_SUSPICIOUS
68,42,0.618,16,61804,1742,534,0.307,4.92,60.59,44,0.289,1,SELLER_SUSPICIOUS
50,3,0.06,13,79363,346,95,0.275,3.76,16.76,17,0.503,0,NONE
74,21,0.284,8,8820,457,238,0.521,3.19,8.74,18,0.221,0,NONE
101,22,0.218,22,6029,480,334,0.696,4.81,35.23,15,0.7,1,SELLER_SUSPICIOUS
59,26,0.441,4,41044,867,598,0.69,3.48,47.77,29,0.343,1,SELLER_SUSPICIOUS
83,28,0.337,1,64156,700,150,0.214,3.98,82.59,31,0.808,1,RETURN_ABUSE
11,0,0.0,0,20528,289,179,0.619,3.54,35.6,7,0.825,0,NONE
34,3,0.088,4,55921,975,208,0.213,2.7,96.77,47,0.3,0,NONE
68,11,0.162,15,19484,51,14,0.275,4.04,71.27,46,0.471,0,NONE
62,1,0.016,3,73402,32,14,0.438,1.8,41.24,26,0.316,0,NONE
78,24,0.308,4,51875,446,116,0.26,2.55,8.06,40,0.207,0,NONE
101,16,0.158,23,70956,1173,351,0.299,2.94,12.32,9,0.343,0,NONE
21,4,0.19,1,52067,1137,167,0.147,3.86,24.02,18,0.884,0,NONE
28,9,0.321,4,79901,515,211,0.41,4.67,32.78,9,0.89,1,REPEATED_REVIEW
33,3,0.091,1,55175,1419,887,0.625,3.32,5.45,13,0.257,0,NONE
19,11,0.579,4,27370,550,345,0.627,4.68,42.38,26,0.262,1,SELLER_SUSPICIOUS
53,17,0.321,4,63956,829,272,0.328,2.2,43.09,3,0.434,0,NONE
59,25,0.424,2,57704,1673,1069,0.639,3.97,80.51,1,0.051,0,NONE
14,5,0.357,3,66179,461,199,0.432,4.0,35.7,16,0.48,0,NONE
75,40,0.533,13,48414,685,89,0.13,3.39,48.47,45,0.38,0,NONE
71,51,0.718,3,28912,1965,458,0.233,3.45,80.56,49,0.898,1,REPEATED_REVIEW
48,32,0.667,12,20545,1771,893,0.504,2.79,12.34,28,0.429,1,SELLER_SUSPICIOUS
44,1,0.023,9,58946,1248,790,0.633,2.55,13.84,2,0.153,0,NONE
63,45,0.714,2,7989,1555,77,0.05,3.29,34.16,46,0.068,0,NONE
68,35,0.515,17,21159,142,93,0.655,2.3,19.17,32,0.855,1,REPEATED_REVIEW
10,3,0.3,2,23384,835,442,0.529,3.72,27.41,3,0.165,0,NONE
27,20,0.741,4,36610,1430,92,0.064,2.15,51.81,8,0.322,0,NONE
15,5,0.333,3,34909,491,34,0.069,2.23,26.51,10,0.93,0,NONE
112,33,0.295,9,46189,1956,962,0.492,2.21,53.25,12,0.057,0,NONE
46,12,0.261,1,31325,1128,213,0.189,4.59,58.27,19,0.923,1,REPEATED_REVIEW
85,5,0.059,7,70768,326,10,0.031,3.49,60.25,9,0.408,0,NONE
15,11,0.733,0,66775,1565,468,0.299,4.22,18.58,29,0.386,1,RETURN_ABUSE
18,5,0.278,1,9545,1704,235,0.138,2.39,93.29,24,0.388,0,NONE
13,0,0.0,1,47001,1337,245,0.183,4.45,31.6,10,0.921,0,NONE
10,0,0.0,2,8933,1337,919,0.687,2.3,67.28,21,0.518,0,NONE
89,56,0.629,6,35275,820,442,0.539,4.13,75.02,32,0.846,1,SELLER_SUSPICIOUS
46,26,0.565,9,17900,1223,543,0.444,4.92,46.63,23,0.036,0,NONE
56,39,0.696,13,41802,496,286,0.577,1.18,43.79,21,0.251,1,SELLER_SUSPICIOUS
51,32,0.627,4,24277,615,290,0.472,4.44,34.62,18,0.332,1,SELLER_SUSPICIOUS
92,71,0.772,11,17192,925,342,0.37,4.07,96.63,26,0.865,1,REPEATED_REVIEW
51,12,0.235,7,28189,934,209,0.224,2.82,48.2,23,0.265,0,NONE
84,64,0.762,11,33813,1864,1016,0.545,2.94,91.28,5,0.165,1,SELLER_SUSPICIOUS
58,12,0.207,2,68699,910,249,0.274,4.01,90.62,44,0.964,1,REPEATED_REVIEW
81,36,0.444,21,11711,1301,638,0.49,3.73,93.26,24,0.346,1,SELLER_SUSPICIOUS
27,7,0.259,5,25404,563,270,0.48,4.52,64.87,10,0.719,1,SELLER_SUSPICIOUS
45,14,0.311,9,17643,658,262,0.398,4.04,67.64,15,0.184,0,NONE
89,69,0.775,0,61965,976,420,0.43,4.98,45.03,45,0.148,1,SELLER_SUSPICIOUS
95,39,0.411,12,54410,654,143,0.219,2.37,98.58,40,0.565,1,RETURN_ABUSE
57,41,0.719,11,21336,275,96,0.349,1.35,53.84,28,0.83,1,SELLER_SUSPICIOUS
73,33,0.452,13,48853,1888,614,0.325,4.77,67.66,14,0.099,0,NONE
42,3,0.071,4,29242,1611,1124,0.698,4.72,20.48,15,0.739,0,NONE
9,4,0.444,0,37545,326,9,0.028,2.22,98.29,18,0.047,0,NONE
40,24,0.6,6,19903,1653,100,0.06,2.74,86.95,18,0.741,1,RETURN_ABUSE
67,33,0.493,8,35265,791,424,0.536,1.53,24.25,28,0.228,0,NONE
80,51,0.637,4,19677,1556,863,0.555,2.42,40.0,27,0.866,1,REPEATED_REVIEW
50,38,0.76,9,71601,313,150,0.479,2.68,70.11,9,0.585,1,SELLER_SUSPICIOUS
91,1,0.011,16,37835,1787,246,0.138,4.19,50.79,47,0.979,0,NONE
55,42,0.764,1,78027,708,379,0.535,2.44,53.62,13,0.864,1,REPEATED_REVIEW
72,15,0.208,11,3991,726,213,0.293,3.76,86.36,49,0.111,0,NONE
89,55,0.618,3,12626,1087,414,0.381,1.88,15.84,20,0.055,0,NONE
32,15,0.469,4,59842,1188,36,0.03,4.43,30.49,18,0.176,0,NONE
40,3,0.075,3,33632,1343,6,0.004,1.04,7.53,34,0.821,0,NONE
59,9,0.153,9,30492,250,121,0.484,2.84,70.97,21,0.097,0,NONE
96,29,0.302,20,1668,88,57,0.648,1.54,46.77,40,0.428,0,NONE
67,18,0.269,3,65317,1716,1015,0.591,4.57,43.28,49,0.987,1,REPEATED_REVIEW
112,9,0.08,30,17145,1868,896,0.48,4.14,48.74,28,0.927,1,REPEATED_REVIEW
60,45,0.75,5,33961,44,27,0.614,2.05,47.22,47,0.283,1,SELLER_SUSPICIOUS
97,18,0.186,0,59060,256,130,0.508,4.28,39.23,40,0.155,0,NONE
113,54,0.478,19,27807,128,84,0.656,2.89,71.29,6,0.335,1,SELLER_SUSPICIOUS
81,48,0.593,22,11248,1365,274,0.201,4.79,9.13,42,0.961,1,REPEATED_REVIEW
24,8,0.333,0,11682,277,62,0.224,3.75,74.87,5,0.995,1,REPEATED_REVIEW
75,16,0.213,6,24599,443,196,0.442,1.23,84.5,29,0.227,0,NONE
55,23,0.418,13,51512,1189,56,0.047,3.67,13.33,30,0.772,0,NONE
103,22,0.214,16,21620,1378,287,0.208,2.73,78.18,24,0.336,0,NONE
39,21,0.538,10,50751,1703,724,0.425,1.9,50.45,47,0.144,0,NONE
100,61,0.61,6,68975,873,145,0.166,4.38,7.96,28,0.863,1,REPEATED_REVIEW
43,28,0.651,1,26683,841,478,0.568,3.87,37.2,18,0.131,1,SELLER_SUSPICIOUS
63,8,0.127,8,31713,1243,254,0.204,3.4,55.04,14,0.348,0,NONE
8,3,0.375,1,20367,1247,193,0.155,3.1,68.78,23,0.12,0,NONE
42,3,0.071,7,59002,1740,139,0.08,4.79,71.12,42,0.309,0,NONE
16,6,0.375,1,31669,605,107,0.177,4.93,24.16,41,0.716,0,NONE
107,33,0.308,5,53209,64,33,0.516,4.37,3.04,37,0.46,0,NONE
71,2,0.028,9,12326,1622,508,0.313,1.8,34.78,7,0.254,0,NONE
70,3,0.043,9,7243,1572,1075,0.684,1.85,41.11,10,0.007,0,NONE
81,18,0.222,20,76811,1529,151,0.099,4.82,80.01,37,0.068,0,NONE
58,34,0.586,11,46028,1339,460,0.344,4.43,84.49,27,0.644,1,SELLER_SUSPICIOUS
40,7,0.175,0,51524,789,179,0.227,1.9,17.6,26,0.444,0,NONE
111,54,0.486,2,8918,1487,441,0.297,4.94,90.97,39,0.987,1,REPEATED_REVIEW
45,11,0.244,12,71101,372,56,0.151,4.01,56.83,45,0.002,0,NONE
9,1,0.111,0,76145,858,116,0.135,3.28,63.17,34,0.445,0,NONE
35,10,0.286,6,4380,466,19,0.041,2.29,25.81,25,0.554,0,NONE
43,16,0.372,10,43833,1936,1114,0.575,3.48,30.18,22,0.628,1,SELLER_SUSPICIOUS
83,36,0.434,16,63015,1332,789,0.592,4.23,25.18,18,0.639,1,SELLER_SUSPICIOUS
41,29,0.707,2,76925,1634,681,0.417,2.73,99.9,23,0.163,1,SELLER_SUSPICIOUS
58,37,0.638,2,73813,1711,513,0.3,3.11,46.73,5,0.65,1,SELLER_SUSPICIOUS
57,38,0.667,12,73995,1232,858,0.696,2.26,62.15,26,0.257,1,SELLER_SUSPICIOUS
46,4,0.087,6,26063,757,223,0.295,3.84,11.25,9,0.932,0,NONE
58,38,0.655,3,48497,1046,63,0.06,3.41,65.42,38,0.697,1,RETURN_ABUSE
31,0,0.0,4,56530,1145,45,0.039,1.09,9.18,47,0.646,0,NONE
69,34,0.493,2,44178,1455,614,0.422,4.07,75.18,20,0.04,0,NONE
55,1,0.018,1,61424,979,580,0.592,4.43,46.36,38,0.929,1,REPEATED_REVIEW
14,1,0.071,3,48279,521,84,0.161,1.26,97.26,49,0.981,1,REPEATED_REVIEW
9,5,0.556,1,71856,1024,345,0.337,3.86,26.81,8,0.343,0,NONE
19,10,0.526,0,69763,1464,258,0.176,4.48,89.08,16,0.459,1,RETURN_ABUSE
25,1,0.04,5,43662,1721,1113,0.647,1.98,42.13,46,0.938,1,REPEATED_REVIEW
76,7,0.092,0,13416,1242,831,0.669,2.34,25.43,21,0.76,0,NONE
24,7,0.292,1,44833,50,28,0.56,3.19,9.14,26,0.753,0,NONE
84,35,0.417,19,60777,568,341,0.6,4.79,39.66,29,0.017,0,NONE
32,15,0.469,5,12946,33,20,0.606,2.31,34.96,27,0.274,0,NONE
94,28,0.298,18,39326,1007,219,0.217,3.86,68.69,42,0.206,0,NONE
40,8,0.2,10,67117,1857,833,0.449,3.7,85.86,1,0.077,0,NONE
46,24,0.522,5,79472,86,5,0.058,3.32,61.83,2,0.071,0,NONE
86,1,0.012,11,46217,824,403,0.489,4.4,28.61,1,0.019,0,NONE
5,0,0.0,0,29799,768,477,0.621,1.84,78.89,11,0.218,0,NONE
68,43,0.632,12,41357,864,448,0.519,1.06,92.11,24,0.501,1,SELLER_SUSPICIOUS
84,15,0.179,16,67330,780,114,0.146,4.65,92.8,13,0.984,1,REPEATED_REVIEW
86,40,0.465,9,15150,1082,258,0.238,2.04,87.87,33,0.103,0,NONE
83,1,0.012,8,22898,474,131,0.276,3.18,68.4,32,0.677,0,NONE
5,3,0.6,0,39467,566,111,0.196,4.27,33.57,25,0.515,0,NONE
87,64,0.736,4,45065,1771,618,0.349,3.93,84.0,36,0.167,1,SELLER_SUSPICIOUS
40,19,0.475,4,73669,453,168,0.371,2.46,22.94,36,0.683,1,SELLER_SUSPICIOUS
107,46,0.43,6,67344,841,335,0.398,3.04,14.06,31,0.992,1,REPEATED_REVIEW
105,1,0.01,19,21155,257,141,0.549,4.92,98.56,39,0.132,0,NONE
55,19,0.345,1,17638,1340,210,0.157,4.43,81.71,4,0.631,0,NONE
11,5,0.455,2,31062,1432,336,0.235,1.39,44.93,43,0.175,0,NONE
49,8,0.163,0,70103,119,17,0.143,2.07,91.22,14,0.35,0,NONE
10,7,0.7,1,64144,354,92,0.26,2.2,45.77,49,0.823,1,RETURN_ABUSE
84,13,0.155,2,66022,645,61,0.095,1.7,4.62,42,0.91,0,NONE
24,15,0.625,0,65324,1017,460,0.452,2.06,66.29,28,0.237,1,SELLER_SUSPICIOUS
12,1,0.083,0,16233,1624,926,0.57,2.38,6.18,33,0.299,0,NONE
34,17,0.5,2,47856,1841,904,0.491,2.37,98.14,46,0.515,1,SELLER_SUSPICIOUS
55,12,0.218,6,5919,694,310,0.447,1.22,1.85,41,0.658,0,NONE
35,11,0.314,1,38341,1888,57,0.03,1.25,61.11,43,0.361,0,NONE
38,4,0.105,6,18674,1497,885,0.591,3.14,99.62,26,0.635,1,SELLER_SUSPICIOUS
28,20,0.714,5,17694,207,48,0.232,4.55,41.09,2,0.249,0,NONE
102,17,0.167,20,2647,635,435,0.685,1.07,87.35,30,0.212,0,NONE
34,7,0.206,1,21804,898,328,0.365,1.77,71.74,19,0.407,0,NONE
83,26,0.313,7,41427,45,26,0.578,2.82,51.8,42,0.751,1,SELLER_SUSPICIOUS
64,40,0.625,0,25030,248,96,0.387,1.93,81.31,26,0.178,1,SELLER_SUSPICIOUS
76,4,0.053,9,40143,1928,964,0.5,3.31,59.76,15,0.867,0,NONE
37,10,0.27,6,67806,37,17,0.459,1.22,91.17,13,0.996,1,REPEATED_REVIEW
30,15,0.5,0,61813,1412,645,0.457,4.2,45.11,24,0.594,1,SELLER_SUSPICIOUS
45,7,0.156,11,63748,1802,445,0.247,1.98,91.48,22,0.463,0,NONE
30,6,0.2,2,4481,1321,562,0.425,1.52,37.58,25,0.623,0,NONE
109,9,0.083,20,49902,1564,78,0.05,2.87,85.31,34,0.71,0,NONE
38,2,0.053,5,19062,1042,631,0.606,4.42,35.88,49,0.715,0,NONE
86,4,0.047,2,7294,140,93,0.664,2.92,97.28,28,0.614,1,SELLER_SUSPICIOUS
86,11,0.128,12,12060,1173,292,0.249,1.99,98.8,35,0.533,0,NONE
15,6,0.4,1,63137,48,14,0.292,2.64,23.43,43,0.366,0,NONE
53,31,0.585,2,25845,1707,833,0.488,3.72,82.54,26,0.98,1,REPEATED_REVIEW
82,24,0.293,15,29061,1436,805,0.561,4.08,81.09,21,0.844,1,SELLER_SUSPICIOUS
74,54,0.73,11,51215,1472,638,0.433,3.76,34.15,3,0.826,1,SELLER_SUSPICIOUS
80,1,0.013,23,19233,745,214,0.287,4.4,28.92,11,0.183,0,NONE
95,65,0.684,23,74900,442,93,0.21,2.6,98.29,31,0.503,1,RETURN_ABUSE
6,3,0.5,0,68822,1045,100,0.096,4.29,1.33,45,0.903,0,NONE
24,5,0.208,3,76261,1580,927,0.587,1.84,32.34,3,0.648,0,NONE
55,4,0.073,12,78207,1603,920,0.574,1.34,64.31,30,0.073,0,NONE
26,6,0.231,4,5292,706,437,0.619,4.27,97.89,31,0.207,0,NONE
108,32,0.296,7,35531,1989,211,0.106,3.18,8.95,12,0.297,0,NONE
110,38,0.345,24,15091,1011,171,0.169,1.52,72.0,13,0.961,1,REPEATED_REVIEW
100,14,0.14,3,48434,1368,213,0.156,2.28,76.32,18,0.127,0,NONE
11,3,0.273,1,62392,79,54,0.684,2.71,16.09,18,0.453,0,NONE
18,0,0.0,0,25476,1322,56,0.042,2.45,35.87,29,0.394,0,NONE
23,6,0.261,4,68549,1706,445,0.261,4.39,83.19,18,0.588,0,NONE
36,21,0.583,0,75782,750,325,0.433,4.18,48.65,20,0.557,1,SELLER_SUSPICIOUS
78,9,0.115,20,16382,878,399,0.454,1.68,46.07,49,0.035,0,NONE
20,2,0.1,1,76291,1467,523,0.357,2.19,67.24,43,0.377,0,NONE
21,15,0.714,0,4555,1326,403,0.304,3.92,7.66,38,0.419,0,NONE
74,38,0.514,0,70900,1144,197,0.172,4.67,58.34,45,0.853,1,REPEATED_REVIEW
18,9,0.5,1,49611,1358,796,0.586,1.51,17.85,40,0.234,0,NONE
62,47,0.758,12,78158,44,26,0.591,4.69,54.48,18,0.915,1,REPEATED_REVIEW
13,2,0.154,1,6493,105,29,0.276,1.45,0.39,11,0.802,0,NONE
116,86,0.741,18,29586,958,612,0.639,1.8,88.02,43,0.077,1,SELLER_SUSPICIOUS
6,3,0.5,0,29442,263,131,0.498,3.8,11.2,26,0.533,0,NONE
32,23,0.719,1,8814,1691,1162,0.687,4.13,16.81,14,0.487,1,SELLER_SUSPICIOUS
103,8,0.078,2,78718,1746,875,0.501,3.16,5.03,14,0.505,0,NONE
79,38,0.481,20,11934,1058,210,0.198,3.66,49.35,44,0.016,0,NONE
27,12,0.444,4,32876,390,100,0.256,3.6,30.26,8,0.626,0,NONE
85,42,0.494,1,2041,233,66,0.283,4.53,57.17,2,0.319,0,NONE
27,16,0.593,7,19153,1199,653,0.545,1.09,80.27,46,0.36,1,SELLER_SUSPICIOUS
92,5,0.054,26,77131,248,119,0.48,3.57,78.27,47,0.002,0,NONE
90,23,0.256,0,19205,575,331,0.576,1.84,7.25,7,0.403,0,NONE
38,10,0.263,5,21725,694,115,0.166,4.79,25.86,18,0.316,0,NONE
96,23,0.24,7,39720,1499,99,0.066,4.09,80.32,30,0.52,0,NONE
67,46,0.687,4,19962,658,423,0.643,1.76,36.67,28,0.047,1,SELLER_SUSPICIOUS
57,37,0.649,3,6109,1407,111,0.079,3.01,49.33,5,0.554,1,RETURN_ABUSE
99,19,0.192,18,75491,399,262,0.657,3.66,21.55,34,0.544,0,NONE
62,8,0.129,15,58908,835,172,0.206,4.19,72.01,44,0.557,0,NONE
43,14,0.326,10,63579,1117,190,0.17,2.55,3.72,28,0.663,0,NONE
115,77,0.67,32,46307,1437,338,0.235,4.41,15.66,41,0.462,0,NONE
52,1,0.019,11,28969,1817,762,0.419,2.21,63.82,30,0.671,0,NONE
115,1,0.009,28,17108,1757,737,0.419,4.85,77.51,33,0.844,0,NONE
112,18,0.161,31,47758,276,32,0.116,2.78,14.16,17,0.432,0,NONE
61,41,0.672,1,67813,1242,462,0.372,2.28,86.81,25,0.294,1,SELLER_SUSPICIOUS
66,45,0.682,1,59145,1694,1031,0.609,1.09,63.12,46,0.382,1,SELLER_SUSPICIOUS
58,36,0.621,7,51221,1907,1102,0.578,4.24,36.18,47,0.484,1,SELLER_SUSPICIOUS
84,8,0.095,0,11183,1156,204,0.176,3.31,64.77,10,0.685,0,NONE
119,12,0.101,0,9991,844,238,0.282,1.33,19.33,49,0.315,0,NONE
15,11,0.733,1,25996,708,176,0.249,4.92,38.64,36,0.509,1,RETURN_ABUSE
94,55,0.585,7,23412,75,3,0.04,4.6,66.48,35,0.645,1,RETURN_ABUSE
35,5,0.143,6,62647,1863,1103,0.592,4.47,41.41,33,0.268,0,NONE
68,38,0.559,11,56826,659,54,0.082,4.1,44.68,26,0.541,0,NONE
109,76,0.697,22,55146,1335,344,0.258,2.86,24.02,13,0.629,1,RETURN_ABUSE
118,27,0.229,26,51330,242,32,0.132,4.32,66.4,9,0.193,0,NONE
100,13,0.13,26,58508,1376,84,0.061,3.33,94.78,43,0.106,0,NONE
17,11,0.647,2,39244,1414,98,0.069,4.57,73.29,32,0.557,1,RETURN_ABUSE
113,38,0.336,21,32625,411,51,0.124,4.0,69.34,42,0.443,0,NONE
114,26,0.228,7,67567,1405,380,0.27,3.74,88.24,29,0.583,0,NONE
20,0,0.0,2,19307,1547,165,0.107,2.65,29.92,36,0.048,0,NONE
48,11,0.229,6,23106,604,175,0.29,2.54,91.54,18,0.797,1,RETURN_ABUSE
10,1,0.1,2,21095,1206,225,0.187,2.05,43.61,5,0.948,0,NONE
12,8,0.667,1,63821,775,85,0.11,3.94,25.21,12,0.076,0,NONE
74,58,0.784,19,632,810,313,0.386,1.5,52.95,46,0.714,1,SELLER_SUSPICIOUS
12,3,0.25,2,4634,1336,689,0.516,5.0,62.24,33,0.064,0,NONE
58,43,0.741,1,10981,986,112,0.114,1.13,49.92,7,0.062,0,NONE
65,2,0.031,5,1567,147,29,0.197,4.8,26.8,20,0.702,0,NONE
49,26,0.531,10,61745,334,176,0.527,4.07,65.79,10,0.449,1,SELLER_SUSPICIOUS
74,58,0.784,8,28437,1015,356,0.351,3.49,54.01,12,0.127,1,SELLER_SUSPICIOUS
23,2,0.087,1,76456,518,319,0.616,1.04,19.48,8,0.269,0,NONE
56,42,0.75,6,42995,708,368,0.52,3.42,29.89,46,0.238,1,SELLER_SUSPICIOUS
53,35,0.66,4,75879,555,310,0.559,1.1,22.18,17,0.963,1,REPEATED_REVIEW
75,32,0.427,6,53515,30,8,0.267,1.34,80.76,36,0.56,1,RETURN_ABUSE
17,6,0.353,2,39389,248,166,0.669,1.83,87.41,34,0.799,1,SELLER_SUSPICIOUS
35,12,0.343,1,26458,546,312,0.571,1.62,22.57,11,0.472,0,NONE
20,6,0.3,4,23832,1636,939,0.574,3.94,8.0,8,0.842,1,SELLER_SUSPICIOUS
70,40,0.571,10,64971,592,25,0.042,1.3,25.04,6,0.5,0,NONE
111,65,0.586,18,18233,1668,164,0.098,2.35,51.9,9,0.086,0,NONE
69,50,0.725,5,48637,111,10,0.09,2.34,52.18,20,0.295,0,NONE
71,17,0.239,8,7361,818,474,0.579,3.22,0.16,36,0.955,1,REPEATED_REVIEW
57,16,0.281,1,6122,1897,1029,0.542,3.79,56.01,37,0.341,0,NONE
30,22,0.733,6,23495,180,13,0.072,1.68,63.68,46,0.707,1,RETURN_ABUSE
20,7,0.35,3,37776,1775,519,0.292,3.28,88.17,33,0.913,1,REPEATED_REVIEW
90,21,0.233,13,6756,1134,140,0.123,1.2,19.11,27,0.356,0,NONE
82,23,0.28,2,70882,646,318,0.492,2.93,39.03,14,0.029,0,NONE
48,28,0.583,10,66436,827,176,0.213,3.2,94.45,11,0.52,1,RETURN_ABUSE
102,73,0.716,9,27486,911,453,0.497,4.6,78.19,23,0.087,1,SELLER_SUSPICIOUS
113,36,0.319,5,21300,409,21,0.051,3.65,59.02,15,0.502,0,NONE
55,23,0.418,15,54713,1289,738,0.573,3.16,81.84,36,0.286,1,SELLER_SUSPICIOUS
42,10,0.238,11,36325,570,138,0.242,4.27,54.93,13,0.525,0,NONE
62,23,0.371,8,27251,1330,822,0.618,2.02,40.71,2,0.756,1,SELLER_SUSPICIOUS
7,2,0.286,0,12086,1099,202,0.184,2.64,89.86,10,0.19,0,NONE
61,6,0.098,14,20869,613,371,0.605,2.63,42.89,20,0.418,0,NONE
30,6,0.2,5,64120,1438,64,0.045,3.29,44.19,2,0.388,0,NONE
65,22,0.338,3,11845,1684,864,0.513,3.59,87.33,11,0.063,0,NONE
99,54,0.545,12,29877,1379,421,0.305,3.62,23.32,35,0.309,0,NONE
41,16,0.39,9,14377,1338,41,0.031,2.41,54.35,10,0.79,0,NONE
18,11,0.611,1,16275,819,425,0.519,3.96,66.19,42,0.295,1,SELLER_SUSPICIOUS
34,23,0.676,6,34234,327,90,0.275,2.21,45.93,49,0.798,1,RETURN_ABUSE
88,52,0.591,18,62107,576,392,0.681,1.93,70.89,12,0.13,1,SELLER_SUSPICIOUS
43,8,0.186,5,64710,1091,637,0.584,1.97,46.86,16,0.772,1,SELLER_SUSPICIOUS
41,6,0.146,2,27113,184,124,0.674,3.38,8.97,8,0.09,0,NONE
37,1,0.027,3,72879,1125,362,0.322,4.73,34.46,4,0.664,0,NONE
81,24,0.296,12,67461,784,175,0.223,1.68,11.32,28,0.639,0,NONE
107,9,0.084,0,15901,616,392,0.636,1.3,99.28,5,0.287,0,NONE
26,8,0.308,6,5690,587,406,0.692,4.85,17.56,6,0.572,0,NONE
67,8,0.119,16,53972,1862,699,0.375,1.66,28.52,41,0.544,0,NONE
62,13,0.21,3,60648,1890,1051,0.556,4.23,4.99,12,0.43,0,NONE
108,41,0.38,4,71696,658,337,0.512,3.35,13.83,1,0.482,0,NONE
69,14,0.203,3,22919,1181,342,0.29,4.75,80.51,48,0.564,0,NONE
107,60,0.561,9,28841,1895,1088,0.574,1.43,68.84,15,0.286,1,SELLER_SUSPICIOUS
99,22,0.222,15,3456,1953,991,0.507,2.86,43.33,31,0.818,1,SELLER_SUSPICIOUS
77,9,0.117,7,6958,1989,708,0.356,1.4,5.45,11,0.796,0,NONE
77,1,0.013,4,3703,375,53,0.141,4.74,59.76,22,0.482,0,NONE
78,33,0.423,10,48465,1321,837,0.634,1.94,5.99,32,0.214,0,NONE
80,0,0.0,20,33851,451,305,0.676,1.36,51.15,8,0.935,1,REPEATED_REVIEW
73,49,0.671,18,54937,1422,138,0.097,1.64,96.8,21,0.591,1,RETURN_ABUSE
54,9,0.167,1,76177,1244,114,0.092,4.35,30.99,6,0.072,0,NONE
94,16,0.17,18,44016,1222,752,0.615,1.43,50.82,16,0.275,0,NONE
108,74,0.685,31,31885,587,277,0.472,4.49,81.46,42,0.532,1,SELLER_SUSPICIOUS
27,14,0.519,4,46284,1877,143,0.076,1.61,26.4,41,0.083,0,NONE
89,31,0.348,21,5422,316,111,0.351,1.77,19.11,40,0.704,0,NONE
41,8,0.195,0,68060,349,182,0.521,3.14,85.45,47,0.932,1,REPEATED_REVIEW
42,11,0.262,0,68547,1718,449,0.261,3.64,51.07,29,0.93,1,REPEATED_REVIEW
115,13,0.113,33,16804,1353,30,0.022,4.23,0.37,18,0.422,0,NONE
67,18,0.269,7,16591,1179,222,0.188,4.05,76.53,22,0.231,0,NONE
21,13,0.619,2,52220,721,349,0.484,2.66,97.79,11,0.927,1,REPEATED_REVIEW
57,10,0.175,7,28814,703,423,0.602,1.4,81.22,48,0.048,0,NONE
89,51,0.573,19,39919,855,204,0.239,3.62,38.22,9,0.698,1,RETURN_ABUSE
30,5,0.167,6,3846,107,57,0.533,3.28,38.27,22,0.306,0,NONE
77,32,0.416,13,17776,1411,83,0.059,1.29,29.04,24,0.137,0,NONE
17,10,0.588,1,79571,62,7,0.113,1.37,46.81,20,0.36,0,NONE
84,58,0.69,20,34225,1022,560,0.548,3.13,39.97,12,0.642,1,SELLER_SUSPICIOUS
96,22,0.229,13,36145,1506,745,0.495,3.41,6.07,44,0.436,0,NONE
99,61,0.616,24,12713,1131,312,0.276,3.69,50.87,33,0.935,1,REPEATED_REVIEW
50,8,0.16,1,48428,1386,132,0.095,2.72,47.07,16,0.369,0,NONE
113,60,0.531,14,27828,681,130,0.191,1.33,92.85,18,0.404,1,RETURN_ABUSE
86,66,0.767,9,37412,1530,622,0.407,1.95,66.14,11,0.831,1,SELLER_SUSPICIOUS
75,18,0.24,14,67542,130,75,0.577,3.7,24.87,9,0.806,1,SELLER_SUSPICIOUS
43,25,0.581,1,3310,488,8,0.016,4.61,7.33,17,0.551,0,NONE
69,17,0.246,18,66688,1723,620,0.36,1.31,73.27,4,0.383,0,NONE
40,18,0.45,8,73725,1399,147,0.105,3.54,45.42,11,0.836,1,RETURN_ABUSE
22,11,0.5,4,79922,1895,536,0.283,4.14,39.48,9,0.151,0,NONE
66,24,0.364,2,14163,708,13,0.018,1.82,48.71,8,0.829,0,NONE
109,18,0.165,22,5225,1649,433,0.263,4.55,45.51,46,0.9,0,NONE
62,24,0.387,15,30402,877,171,0.195,2.75,63.38,47,0.601,0,NONE
87,33,0.379,1,2902,1770,496,0.28,1.05,1.94,14,0.074,0,NONE
110,64,0.582,3,2931,594,223,0.375,4.5,57.11,39,0.336,1,SELLER_SUSPICIOUS
36,19,0.528,1,1903,1446,663,0.459,3.36,52.42,22,0.31,1,SELLER_SUSPICIOUS
45,26,0.578,11,26151,1683,1051,0.624,2.81,4.32,10,0.592,1,SELLER_SUSPICIOUS
97,46,0.474,5,38106,1796,1127,0.628,2.29,99.82,10,0.191,1,SELLER_SUSPICIOUS
83,30,0.361,6,33372,1309,521,0.398,4.53,41.59,30,0.212,0,NONE
71,49,0.69,10,22728,1863,100,0.054,4.63,80.44,9,0.011,0,NONE
96,22,0.229,12,62256,1211,811,0.67,4.14,58.39,26,0.482,1,SELLER_SUSPICIOUS
20,5,0.25,0,13356,1617,1009,0.624,4.78,28.27,26,0.554,0,NONE
34,6,0.176,6,55881,1277,746,0.584,4.47,62.63,7,0.736,1,SELLER_SUSPICIOUS
62,2,0.032,2,25044,808,350,0.433,2.06,93.36,35,0.626,0,NONE
100,5,0.05,29,70496,1000,352,0.352,2.22,65.56,28,0.962,0,NONE
102,63,0.618,14,27713,678,106,0.156,2.27,73.09,9,0.581,1,RETURN_ABUSE
102,37,0.363,25,38597,623,124,0.199,3.8,71.11,6,0.756,1,RETURN_ABUSE
62,23,0.371,12,43806,1119,50,0.045,2.51,74.97,19,0.101,0,NONE
49,27,0.551,13,62021,511,355,0.695,3.01,23.36,44,0.135,0,NONE
97,67,0.691,9,12172,1010,322,0.319,3.37,37.99,49,0.255,0,NONE
76,34,0.447,17,45812,1232,239,0.194,4.25,54.18,41,0.225,0,NONE
19,7,0.368,1,61858,1005,358,0.356,3.07,11.26,41,0.293,0,NONE
9,6,0.667,0,70418,1735,742,0.428,2.83,17.08,48,0.071,0,NONE
10,5,0.5,0,53950,344,56,0.163,1.4,1.13,47,0.946,1,REPEATED_REVIEW
114,12,0.105,10,71535,384,89,0.232,4.58,97.21,9,0.546,0,NONE
117,45,0.385,17,10947,1972,123,0.062,2.14,88.76,28,0.473,0,NONE
7,1,0.143,0,13813,1579,831,0.526,1.09,59.99,24,0.285,0,NONE
106,38,0.358,30,4802,1325,64,0.048,4.25,85.34,1,0.833,1,RETURN_ABUSE
114,85,0.746,10,63037,206,61,0.296,2.02,98.21,26,0.72,1,RETURN_ABUSE
17,8,0.471,2,19390,89,0,0.0,3.68,0.04,31,0.079,0,NONE
51,26,0.51,1,72167,993,639,0.644,2.42,32.07,36,0.123,0,NONE
68,6,0.088,9,1059,733,497,0.678,3.64,43.16,13,0.758,1,SELLER_SUSPICIOUS
115,32,0.278,24,78733,480,58,0.121,4.52,52.75,41,0.504,0,NONE
53,7,0.132,0,70187,596,267,0.448,3.89,7.8,25,0.064,0,NONE
5,3,0.6,0,33757,765,48,0.063,3.61,34.91,2,0.802,1,RETURN_ABUSE
21,11,0.524,5,70551,1616,843,0.522,1.29,25.67,43,0.298,0,NONE
72,16,0.222,17,33313,1213,270,0.223,4.08,26.4,20,0.066,0,NONE
68,53,0.779,15,79061,1108,87,0.079,4.8,24.6,17,0.608,1,RETURN_ABUSE
96,60,0.625,14,73809,1862,538,0.289,3.97,66.16,31,0.189,0,NONE
50,30,0.6,8,70368,1782,1204,0.676,1.32,99.28,16,0.05,1,SELLER_SUSPICIOUS
95,51,0.537,22,73874,1758,111,0.063,3.04,82.97,17,0.513,1,RETURN_ABUSE
34,2,0.059,8,2009,1449,116,0.08,3.83,94.06,37,0.646,0,NONE
39,3,0.077,4,60813,1932,146,0.076,4.94,94.58,22,0.706,0,NONE
67,27,0.403,0,69535,887,426,0.48,4.4,48.01,38,0.154,0,NONE
13,1,0.077,1,38814,657,169,0.257,2.19,26.3,24,0.527,0,NONE
17,2,0.118,0,36294,585,103,0.176,4.11,84.13,2,0.687,0,NONE
79,30,0.38,0,10177,1123,522,0.465,2.15,42.38,31,0.025,0,NONE
114,46,0.404,13,27048,638,274,0.429,1.51,1.84,43,0.25,0,NONE
54,16,0.296,14,6399,42,21,0.5,2.62,36.36,36,0.513,0,NONE
7,1,0.143,1,57388,676,422,0.624,2.7,44.67,12,0.516,0,NONE
87,20,0.23,19,42821,1214,66,0.054,1.73,8.59,10,0.616,0,NONE
83,27,0.325,20,65639,1094,692,0.633,2.47,10.06,3,0.055,0,NONE
110,55,0.5,22,2676,310,63,0.203,1.77,21.04,44,0.843,1,RETURN_ABUSE
71,36,0.507,18,50252,1460,99,0.068,1.51,63.93,4,0.451,0,NONE
118,90,0.763,32,4982,1514,852,0.563,4.04,16.82,37,0.116,1,SELLER_SUSPICIOUS
89,25,0.281,8,5741,1270,293,0.231,3.42,87.13,47,0.291,0,NONE
71,0,0.0,19,77360,1545,789,0.511,2.47,91.38,14,0.901,1,REPEATED_REVIEW
101,76,0.752,5,49124,1439,54,0.038,4.33,69.82,33,0.818,1,RETURN_ABUSE
74,30,0.405,15,50516,736,471,0.64,1.05,87.16,3,0.095,1,SELLER_SUSPICIOUS
56,33,0.589,0,53135,486,86,0.177,3.87,24.96,34,0.421,0,NONE
73,55,0.753,2,15408,1999,1350,0.675,1.44,39.73,23,0.569,1,SELLER_SUSPICIOUS
22,6,0.273,0,28088,1156,636,0.55,3.68,54.29,34,0.972,1,REPEATED_REVIEW
73,37,0.507,1,11636,791,38,0.048,2.31,60.67,33,0.186,0,NONE
20,4,0.2,4,69610,1291,382,0.296,4.08,48.83,31,0.285,0,NONE
16,0,0.0,1,68726,1158,217,0.187,3.02,56.03,24,0.931,0,NONE
7,1,0.143,0,37771,1500,897,0.598,2.04,8.46,19,0.836,0,NONE
26,10,0.385,0,75699,1555,84,0.054,4.16,35.1,42,0.831,0,NONE
29,0,0.0,1,18657,1063,489,0.46,3.99,96.13,17,0.78,1,SELLER_SUSPICIOUS
106,67,0.632,29,65095,406,86,0.212,4.78,40.89,36,0.856,1,REPEATED_REVIEW
85,36,0.424,12,66668,1012,410,0.405,3.03,52.86,26,0.822,1,SELLER_SUSPICIOUS
114,36,0.316,31,27706,1844,1054,0.572,3.0,89.41,24,0.832,1,SELLER_SUSPICIOUS
61,37,0.607,1,54790,1671,979,0.586,3.49,70.67,16,0.008,1,SELLER_SUSPICIOUS
66,3,0.045,10,74051,1102,435,0.395,3.94,37.11,22,0.001,0,NONE
77,26,0.338,16,11679,1856,1031,0.555,1.89,82.46,33,0.074,0,NONE
10,0,0.0,2,76792,462,79,0.171,4.58,11.76,19,0.81,0,NONE
12,2,0.167,1,73228,525,324,0.617,2.22,17.6,31,0.904,1,REPEATED_REVIEW
22,6,0.273,5,12609,766,436,0.569,1.72,90.19,38,0.473,1,SELLER_SUSPICIOUS
20,3,0.15,4,43651,607,144,0.237,4.71,96.16,13,0.861,1,REPEATED_REVIEW
9,3,0.333,0,43222,52,21,0.404,3.6,88.97,41,0.406,1,SELLER_SUSPICIOUS
33,6,0.182,3,50692,1099,225,0.205,4.55,83.79,3,0.044,0,NONE
98,60,0.612,22,52172,1888,552,0.292,2.75,26.27,22,0.689,1,RETURN_ABUSE
91,48,0.527,8,68007,277,119,0.43,1.08,89.05,43,0.812,1,SELLER_SUSPICIOUS
63,0,0.0,16,12543,279,116,0.416,3.68,47.7,7,0.726,0,NONE
73,4,0.055,16,37905,1628,88,0.054,1.13,72.65,10,0.871,0,NONE
